{"providers":[{"type":"space","advances":{" ":4}},{"type":"bitmap","file":"betterhud:text_font3_1.png","ascent":-8433685,"height":16,"chars":["i|¸˛│ㆍ｜"]},{"type":"bitmap","file":"betterhud:text_font3_2.png","ascent":-8433685,"height":16,"chars":[".:l¹‘’₁ⅰㅣ＇，．：；｀"]},{"type":"bitmap","file":"betterhud:text_font3_3.png","ascent":-8433685,"height":16,"chars":["!,;I[]¡´·íı˙˚′┃▌"]},{"type":"bitmap","file":"betterhud:text_font3_4.png","ascent":-8433685,"height":16,"chars":["▐、。〔〕！ｉｌ"]},{"type":"bitmap","file":"betterhud:text_font3_5.png","ascent":-8433685,"height":16,"chars":["'()²³ˇː˘•₂₃Ⅰ∙√⌠⌡","┌┐└┘├┤╒╕╘╛╞╡○♩卜｛"]},{"type":"bitmap","file":"betterhud:text_font3_6.png","ascent":-8433685,"height":16,"chars":["｝"]},{"type":"bitmap","file":"betterhud:text_font3_7.png","ascent":-8433685,"height":16,"chars":["+1JTabdfghjknpqr","{}¨°±łΙΦι‥‼⁴ⁿ₄↑↓","↕↨∥≤≥║♀「」『』【】ㅏㅐㅑ"]},{"type":"bitmap","file":"betterhud:text_font3_8.png","ascent":-8433685,"height":16,"chars":["ㅒㅓㅕ（）１Ｉ［］ｊ"]},{"type":"bitmap","file":"betterhud:text_font3_9.png","ascent":-8433685,"height":16,"chars":["\"#$%&023456789<=",">?@ABCDEFGHKLMNO","PQRSUVWXZ^`cemos","tuvwxyz§¶¿Ñßáñóú","ŀαδεπστφ‡ℓ←→∩╓╔╖","╗╙╚╜╝╟╠╢╣░▬►◄◘◙☺"]},{"type":"bitmap","file":"betterhud:text_font3_10.png","ascent":-8433685,"height":16,"chars":["☻☼♠♣♦♫〈〉ィ＜＞＾"]},{"type":"bitmap","file":"betterhud:text_font3_11.png","ascent":-8433685,"height":16,"chars":["*-/Y\\_~ª«­µº»¼½÷","ŧ˝Σζ“”″ⅱ↔∂∞∟∵≈≡⌂","─┬┴┼═╤╥╦╧╨╩╪╫╬▀▄"]},{"type":"bitmap","file":"betterhud:text_font3_12.png","ascent":-8433685,"height":16,"chars":["█▒▓▲▼♪♭✓〃ぅトミㅋ＂ｔ"]},{"type":"bitmap","file":"betterhud:text_font3_13.png","ascent":-8433685,"height":16,"chars":["βθξкорсь†ÅⅡⅹ∃┍┑┕","┙┝┥くょりォョヮヵヶㅇㅔㅖ＝？"]},{"type":"bitmap","file":"betterhud:text_font3_14.png","ascent":-8433685,"height":16,"chars":["ｒｓ"]},{"type":"bitmap","file":"betterhud:text_font3_15.png","ascent":-8433685,"height":16,"chars":["×ØðøþĸĿκορχбвген","тфэё…※∈∋∠∫∮∴⊂⊃⊆⊇","⌒┎┏┒┓┖┗┚┛┞┟┠┡┢┣┦","┧┨┩┪┫♂〓うきさしじともイゥ","ッドㄱㄹㅁㅂㅅㅊㅌㆁㆄㆆㆎ㏐㏓＄"]},{"type":"bitmap","file":"betterhud:text_font3_16.png","ascent":-8433685,"height":16,"chars":["＊＋２Ｊｃｄｅｆｏｐｑｚ"]},{"type":"bitmap","file":"betterhud:text_font3_17.png","ascent":-8433685,"height":16,"chars":["¤ÞĳŁŋΒΕΘΟΥΩγημνЁ","БВЕЗОЬазийлмпцчΩ","Ⅲⅲⅴ↖↗↘↙∑∪⊥▶▷◀◁《》","ぁぃぇこまゅよるゎをクコソタヌノ","メャリㄲㄴㄷㄸㅈㅍㅎㅱㅸㅹ㏅日目","自＃％＆３５６７９ＬＰＳａｂｇｈ"]},{"type":"bitmap","file":"betterhud:text_font3_18.png","ascent":-8433685,"height":16,"chars":["ｋｎｕｖ￢"]},{"type":"bitmap","file":"betterhud:text_font3_19.png","ascent":-8433685,"height":16,"chars":["ÐđħĲŊŒŦΓΔΖΗΚΞΠΡΤ","υωГКНПРСТФЧЭдухя","―⇒∀∏∝≒≠■□▣ぉっゃらァウ","ェシツヒフュレロㅃㅝ㎡㎩㏃㏄㏝거","걱걲건걷걸걹걺걻걽검겁것겅겆겇겈","겉겊겨격겪견겯결겱겲겳겵겸겹겻경","겾겿곀곁곂기긱긲긴긷길긹긺긻긽김","깁깃깅깆깇깈깉깊러럭럮런럳럴럵럶","럷럹럼럽럿렁렂렃렄렅렆려력렦련렫","렬렭렮렯렱렴렵렷령렺렻렼렽렾리릭","릮린릳릴릵릶릷릹림립릿링맂맃맄맅","맆억얶언얻얼얽얾얿엁엄업엇엉엊엋","엌엍엎역엮연엳열엵엶엷엹염엽엿영","옂옃옄옅옆익읶인읻일읽읾읿잁임입","잇잉잊잋잌잍잎적젂전젇절젉젊젋젍","점접젓정젖젗젘젙젚젹젺젼젿졀졁졂"]},{"type":"bitmap","file":"betterhud:text_font3_20.png","ascent":-8433685,"height":16,"chars":["졃졅졈졉졋졍졎졏졐졑졒직짂진짇질","짉짊짋짍짐집짓징짖짗짘짙짚컥컦컨","컫컬컭컮컯컱컴컵컷컹컺컻컼컽컾켝","켞켠켣켤켥켦켧켩켬켭켯켱켲켳켴켵","켶킥킦킨킫킬킭킮킯킱킴킵킷킹킺킻","킼킽킾－／０８＠ＢＣＤＥＦＨＯＴ"]},{"type":"bitmap","file":"betterhud:text_font3_21.png","ascent":-8433685,"height":16,"chars":["ＵＺ＼＿ｘｙ～￠￥￦"]},{"type":"bitmap","file":"betterhud:text_font3_22.png","ascent":-8433685,"height":16,"chars":["ŉΑΛΜΝλψАДЛУЦЯъю℃","℉Ⅹⅳⅵ∇∧∨∼∽≪≫⊙⒧△▽◆","◇◈◎●◐◑♡♤♥♬あえおそちど","にのほろわゑカキゴジホヨラワヲン","ㅆㅉㅚㅟㅢㆉ㎐㎗㎘㎙㎥㎧㏇㏈㏊㏏","㏜串內円冒凶凹出吊向呂員因困圃巾","帛昌晶曰曲月甬田由甲申白肉胃胄貝","鹵개객갞갠갡갢갣갤갥갦갧갩갪갫갬","갭갮갯갱갲갳갴갵갶갷걔걕걖걘걙걚","걛걜걝걞걟걡걢걣걤걥걦걧걩걪걫걬","걭걮걯걳걵걶걼걾걿겂겋게겍겎겐겑","겒겓겔겕겖겗겙겚겛겜겝겞겟겡겢겣","겤겥겦겧겫겭겮겴겶겷겺곃계곅곆곈","곉곊곋곌곍곎곏곑곒곓곔곕곖곗곙곚","곛곜곝곞곟괴괵괶괷괸괹괺괻괼괽괾","괿굁굄굅굇굉굊굋굌굍굎굏궈궉궊권"]},{"type":"bitmap","file":"betterhud:text_font3_23.png","ascent":-8433685,"height":16,"chars":["궏궐궑궒궓궕궘궙궛궝궞궟궠궡궢귀","귁귂귃귄귅귆귇귈귉귊귋귌귍귎귏귐","귑귒귓귕귖귗귘귙귚귛긔긕긖긗긘긙","긚긛긜긝긞긟긡긤긥긧긩긪긫긬긭긮","긯긳긵긶긼긾긿깂깋꺼꺽꺾껀껃껄껅","껆껇껉껌껍껏껑껒껓껔껕껖껴껵껶껸","껻껼껽껾껿꼁꼄꼅꼇꼉꼊꼋꼌꼍꼎꾀","꾁꾂꾃꾄꾅꾆꾇꾈꾉꾊꾋꾍꾐꾑꾓꾕","꾖꾗꾘꾙꾚꾛꿔꿕꿖꿛꿜꿝꿞꿟꿡꿤","꿥꿧꿩꿪꿫꿬꿭꿮뀌끠끡끢끣끤끥끦","끧끨끩끪끫끭끰끱끳끵끶끷끸끹끺끻","끼끽끾낀낃낄낅낆낇낉낌낍낏낑낒낓","낔낕낖너넉넊넌넏널넑넒넓넕넘넙넛","넝넞넟넠넡넢녀녁녂년녇녈녉녊녋녍","념녑녓녕녖녗녘녙녚뇌뇍뇎뇏뇐뇑뇒","뇓뇔뇕뇖뇗뇙뇜뇝뇟뇡뇢뇣뇤뇥뇦뇧"]},{"type":"bitmap","file":"betterhud:text_font3_24.png","ascent":-8433685,"height":16,"chars":["눠눡눢눧눨눩눪눫눭눰눱눳눵눶눷눸","눹눺뉘늬늭늮늯늰늱늲늳늴늵늶늷늹","늼늽늿닁닂닃닄닅닆닇니닉닊닌닏닐","닑닒닓닕님닙닛닝닞닟닠닡닢더덕덖","던덛덜덝덞덟덡덤덥덧덩덪덫덬덭덮","뎌뎍뎎뎐뎓뎔뎕뎖뎗뎙뎜뎝뎟뎡뎢뎣","뎤뎥뎦되됙됚됛된됝됞됟될됡됢됣됥","됨됩됫됭됮됯됰됱됲됳둬둭둮둳둴둵","둶둷둹둼둽둿뒁뒂뒃뒄뒅뒆뒤듸듹듺","듻듼듽듾듿딀딁딂딃딅딈딉딋딍딎딏","딐딑딒딓디딕딖딘딛딜딝딞딟딡딤딥","딧딩딪딫딬딭딮떠떡떢떤떧떨떩떪떫","떭떰떱떳떵떶떷떸떹떺뗘뗙뗚뗜뗟뗠","뗡뗢뗣뗥뗨뗩뗫뗭뗮뗯뗰뗱뗲뙤뙥뙦","뙧뙨뙩뙪뙫뙬뙭뙮뙯뙱뙴뙵뙷뙹뙺뙻","뙼뙽뙾뙿뚸뚹뚺뚿뛀뛁뛂뛃뛅뛈뛉뛋"]},{"type":"bitmap","file":"betterhud:text_font3_25.png","ascent":-8433685,"height":16,"chars":["뛍뛎뛏뛐뛑뛒뛰띄띅띆띇띈띉띊띋띌","띍띎띏띑띔띕띗띙띚띛띜띝띞띟띠띡","띢띤띧띨띩띪띫띭띰띱띳띵띶띷띸띹","띺래랙랚랜랝랞랟랠랡랢랣랥랦랧램","랩랪랫랭랮랯랰랱랲랳럐럑럒럔럕럖","럗럘럙럚럛럝럞럟럠럡럢럣럥럦럧럨","럩럪럫럯럱럲럸럺럻럾렇레렉렊렌렍","렎렏렐렑렒렓렕렖렗렘렙렚렛렝렞렟","렠렡렢렣렧렩렪렰렲렳렶렿례롁롂롄","롅롆롇롈롉롊롋롍롎롏롐롑롒롓롕롖","롗롘롙롚롛뢰뢱뢲뢳뢴뢵뢶뢷뢸뢹뢺","뢻뢽룀룁룃룅룆룇룈룉룊룋뤄뤅뤆뤈","뤋뤌뤍뤎뤏뤑뤔뤕뤗뤙뤚뤛뤜뤝뤞뤼","뤽뤾뤿륀륁륂륃륄륅륆륇륈륉륊륋륌","륍륎륏륑륒륓륔륕륖륗릐릑릒릓릔릕","릖릗릘릙릚릛릝릠릡릣릥릦릧릨릩릪"]},{"type":"bitmap","file":"betterhud:text_font3_26.png","ascent":-8433685,"height":16,"chars":["릫릯릱릲릸릺릻릾맇머먹먺먼먿멀멁","멂멃멅멈멉멋멍멎멏멐멑멒며멱멲면","멷멸멹멺멻멽몀몁몃명몆몇몈몉몊뫼","뫽뫾뫿묀묁묂묃묄묅묆묇묉묌묍묏묑","묒묓묔묕묖묗뭐뭑뭒뭗뭘뭙뭚뭛뭝뭠","뭡뭣뭥뭦뭧뭨뭩뭪뮈믜믝믞믟믠믡믢","믣믤믥믦믧믩믬믭믯믱믲믳믴믵믶믷","미믹믺민믿밀밁밂밃밅밈밉밋밍밎및","밐밑밒버벅벆번벋벌벍벎벏벑범법벗","벙벚벛벜벝벞벼벽벾변볃별볅볆볇볉","볌볍볏병볒볓볔볕볖뵈뵉뵊뵋뵌뵍뵎","뵏뵐뵑뵒뵓뵕뵘뵙뵛뵝뵞뵟뵠뵡뵢뵣","붜붝붞붣붤붥붦붧붩붬붭붯붱붲붳붴","붵붶뷔븨븩븪븫븬븭븮븯븰븱븲븳븵","븸븹븻븽븾븿빀빁빂빃비빅빆빈빋빌","빍빎빏빑빔빕빗빙빚빛빜빝빞뾔뾕뾖"]},{"type":"bitmap","file":"betterhud:text_font3_27.png","ascent":-8433685,"height":16,"chars":["뾗뾘뾙뾚뾛뾜뾝뾞뾟뾡뾤뾥뾧뾩뾪뾫","뾬뾭뾮뾯뿨뿩뿪뿯뿰뿱뿲뿳뿵뿸뿹뿻","뿽뿾뿿쀀쀁쀂쀠쁴쁵쁶쁷쁸쁹쁺쁻쁼","쁽쁾쁿삁삄삅삇삉삊삋삌삍삎삏서석","섞선섣설섥섦섧섩섬섭섯성섲섳섴섵","섶셔셕셖션셛셜셝셞셟셡셤셥셧셩셪","셫셬셭셮쇠쇡쇢쇣쇤쇥쇦쇧쇨쇩쇪쇫","쇭쇰쇱쇳쇵쇶쇷쇸쇹쇺쇻숴숵숶숻숼","숽숾숿쉁쉄쉅쉇쉉쉊쉋쉌쉍쉎쉬싀싁","싂싃싄싅싆싇싈싉싊싋싍싐싑싓싕싖","싗싘싙싚싛시식싞신싣실싥싦싧싩심","십싯싱싲싳싴싵싶썩썪썬썯썰썱썲썳","썵썸썹썻썽썾썿쎀쎁쎂쎡쎢쎤쎧쎨쎩","쎪쎫쎭쎰쎱쎳쎵쎶쎷쎸쎹쎺쐬쐭쐮쐯","쐰쐱쐲쐳쐴쐵쐶쐷쐹쐼쐽쐿쑁쑂쑃쑄","쑅쑆쑇쒀쒁쒂쒇쒈쒉쒊쒋쒍쒐쒑쒓쒕"]},{"type":"bitmap","file":"betterhud:text_font3_28.png","ascent":-8433685,"height":16,"chars":["쒖쒗쒘쒙쒚쒸씌씍씎씏씐씑씒씓씔씕","씖씗씙씜씝씟씡씢씣씤씥씦씧씩씪씬","씯씰씱씲씳씵씸씹씻씽씾씿앀앁앂액","앢앤앥앦앧앨앩앪앫앭앮앯앰앱앲앳","앵앶앷앸앹앺앻얙얚얜얝얞얟얠얡얢","얣얥얦얧얨얩얪얫얭얮얯얰얱얲얳어","얷얹얺엀엂엃없엏엑엒엔엕엖엗엘엙","엚엛엝엞엟엠엡엢엣엥엦엧엨엩엪엫","여엯엱엲엸엺엻엾옇옉옊옌옍옎옏옐","옑옒옓옕옖옗옘옙옚옛옝옞옟옠옡옢","옣외왹왺왻왼왽왾왿욀욁욂욃욅욈욉","욋욍욎욏욐욑욒욓워웍웎원웓월웕웖","웗웙웜웝웟웡웢웣웤웥웦위윅윆윇윈","윉윊윋윌윍윎윏윐윑윒윓윔윕윖윗윙","윚윛윜윝윞윟의읙읚읛읜읝읞읟읠읡","읢읣읥읨읩읫읭읮읯읰읱읲읳이읷읹"]},{"type":"bitmap","file":"betterhud:text_font3_29.png","ascent":-8433685,"height":16,"chars":["읺잀잂잃잆잏잭잮잰잱잲잳잴잵잶잷","잹잺잻잼잽잾잿쟁쟂쟃쟄쟅쟆쟇쟥쟦","쟨쟩쟪쟫쟬쟭쟮쟯쟱쟲쟳쟴쟵쟶쟷쟹","쟺쟻쟼쟽쟾쟿저젃젅젆젌젎젏젒젛젝","젞젠젡젢젣젤젥젦젧젩젪젫젬젭젮젯","젱젲젳젴젵젶젷져젻젽젾졄졆졇졊졓","졕졖졘졙졚졛졜졝졞졟졡졢졣졤졥졦","졧졩졪졫졬졭졮졯죄죅죆죇죈죉죊죋","죌죍죎죏죑죔죕죗죙죚죛죜죝죞죟줘","줙줚줟줠줡줢줣줥줨줩줫줭줮줯줰줱","줲쥐즤즥즦즧즨즩즪즫즬즭즮즯즱즴","즵즷즹즺즻즼즽즾즿지짃짅짆짌짎짏","짒짛쩍쩎쩐쩓쩔쩕쩖쩗쩙쩜쩝쩟쩡쩢","쩣쩤쩥쩦쪅쪆쪈쪋쪌쪍쪎쪏쪑쪔쪕쪗","쪙쪚쪛쪜쪝쪞쬐쬑쬒쬓쬔쬕쬖쬗쬘쬙","쬚쬛쬝쬠쬡쬣쬥쬦쬧쬨쬩쬪쬫쭤쭥쭦"]},{"type":"bitmap","file":"betterhud:text_font3_30.png","ascent":-8433685,"height":16,"chars":["쭫쭬쭭쭮쭯쭱쭴쭵쭷쭹쭺쭻쭼쭽쭾쮜","쯰쯱쯲쯳쯴쯵쯶쯷쯸쯹쯺쯻쯽찀찁찃","찅찆찇찈찉찊찋찍찎찐찓찔찕찖찗찙","찜찝찟찡찢찣찤찥찦처척첚천첟철첡","첢첣첥첨첩첫청첮첯첰첱첲쳐쳑쳒쳔","쳗쳘쳙쳚쳛쳝쳠쳡쳣쳥쳦쳧쳨쳩쳪최","쵝쵞쵟쵠쵡쵢쵣쵤쵥쵦쵧쵩쵬쵭쵯쵱","쵲쵳쵴쵵쵶쵷춰춱춲춷춸춹춺춻춽췀","췁췃췅췆췇췈췉췊취츼츽츾츿칀칁칂","칃칄칅칆칇칉칌칍칏칑칒칓칔칕칖칗","치칙칚친칟칠칡칢칣칥침칩칫칭칮칯","칰칱칲캑캒캔캕캖캗캘캙캚캛캝캞캟","캠캡캢캣캥캦캧캨캩캪캫컉컊컌컍컎","컏컐컑컒컓컕컖컗컘컙컚컛컝컞컟컠","컡컢컣커컧컩컪컰컲컳컶컿켁켂켄켅","켆켇켈켉켊켋켍켎켏켐켑켒켓켕켖켗"]},{"type":"bitmap","file":"betterhud:text_font3_31.png","ascent":-8433685,"height":16,"chars":["켘켙켚켛켜켟켡켢켨켪켫켮켷켹켺켼","켽켾켿콀콁콂콃콅콆콇콈콉콊콋콍콎","콏콐콑콒콓쾨쾩쾪쾫쾬쾭쾮쾯쾰쾱쾲","쾳쾵쾸쾹쾻쾽쾾쾿쿀쿁쿂쿃쿼쿽쿾퀀","퀃퀄퀅퀆퀇퀉퀌퀍퀏퀑퀒퀓퀔퀕퀖퀴","퀵퀶퀷퀸퀹퀺퀻퀼퀽퀾퀿큀큁큂큃큄","큅큆큇큉큊큋큌큍큎큏킈킉킊킋킌킍","킎킏킐킑킒킓킕킘킙킛킝킞킟킠킡킢","킣키킧킩킪킰킲킳킶킿터턱턲턴턷털","턹턺턻턽텀텁텃텅텆텇텈텉텊텨텩텪","텬텯텰텱텲텳텵텸텹텻텽텾텿톀톁톂","퇴퇵퇶퇷퇸퇹퇺퇻퇼퇽퇾퇿툁툄툅툇","툉툊툋툌툍툎툏퉈퉉퉊퉏퉐퉑퉒퉓퉕","퉘퉙퉛퉝퉞퉟퉠퉡퉢튀틔틕틖틗틘틙","틚틛틜틝틞틟틡틤틥틧틩틪틫틬틭틮","틯티틱틲틴틷틸틹틺틻틽팀팁팃팅팆"]},{"type":"bitmap","file":"betterhud:text_font3_32.png","ascent":-8433685,"height":16,"chars":["팇팈팉팊퍽퍾펀펃펄펅펆펇펉펌펍펏","펑펒펓펔펕펖펵펶편펻펼펽펾펿폁폄","폅폇평폊폋폌폍폎푀푁푂푃푄푅푆푇","푈푉푊푋푍푐푑푓푕푖푗푘푙푚푛풔","풕풖풛풜풝풞풟풡풤풥풧풩풪풫풬풭","풮퓌픠픡픢픣픤픥픦픧픨픩픪픫픭픰","픱픳픵픶픷픸픹픺픻픽픾핀핃필핅핆","핇핉핌핍핏핑핒핓핔핕핖허헉헊헌헏","헐헑헒헓헕험헙헛헝헞헟헠헡헢혀혁","혂현혇혈혉혊혋혍혐협혓형혖혗혘혙","혚회획횎횏횐횑횒횓횔횕횖횗횙횜횝","횟횡횢횣횤횥횦횧훠훡훢훧훨훩훪훫","훭훰훱훳훵훶훷훸훹훺휘희흭흮흯흰","흱흲흳흴흵흶흷흹흼흽흿힁힂힃힄힅","힆힇히힉힊힌힏힐힑힒힓힕힘힙힛힝"]},{"type":"bitmap","file":"betterhud:text_font3_33.png","ascent":-8433685,"height":16,"chars":["힞힟힠힡힢串了４ＧＫＲ￣"]},{"type":"bitmap","file":"betterhud:text_font3_34.png","ascent":-8433685,"height":16,"chars":["ĦΧΨЖИЙМХШЩЫЮжшщы","№⅓⅛⅜⅝⅞ⅸ⇔∬①②③④⑤⑥⑦","⑧⑨⑩⑪⑫⑬⑭⑮⑴⑵⑶⑷⑸⑹⑺⑻","⑼⑽⑾⑿⒀⒁⒂⒜⒝⒞⒟⒠⒡⒢⒣⒤","⒥⒦⒨⒩⒪⒫⒬⒭⒮⒯⒰⒱⒲⒳⒴⒵","ⓐⓑⓒⓓⓔⓕⓖⓗⓘⓙⓚⓛⓜⓝⓞⓟ","ⓠⓡⓢⓣⓤⓥⓦⓧⓨⓩ♧♨かがぎぐ","けござたぢつてなぬねはひみむゆゐ","んグケスダネハビピマヱヴㄶㄺㄻㄼ","ㄽㄾㄿㅘㅛㅜㅞㅠㅡㅺㅿㆂㆌ㈀㈁㈂","㈃㈄㈅㈆㈇㈈㈉㈊㈋㈌㈍㈎㈏㈐㈑㈒","㈓㈔㈕㈖㈗㈘㈙㈚㈛㉠㉡㉢㉣㉤㉥㉦","㉧㉨㉩㉪㉫㉬㉭㉮㉯㉰㉱㉲㉳㉴㉵㉶","㉷㉸㉹㉺㉻㎈㎉㎊㎋㎎㎏㎖㎚㎜㎝㎞","㎭㎰㎱㎳㎺㎻㎽㎾㎿㏀㏁㏆㏉㏛且了","亘仙伯伸佃侶個具凸刀刃刈刊刑列判"]},{"type":"bitmap","file":"betterhud:text_font3_35.png","ascent":-8433685,"height":16,"chars":["利刮到刹刻剃則剌剛剩割力功助勒勘","勻勾勿匍匕匠匪匯匹匿卍占卯印却卽","口句叩召可司同名呵呻和哨問喇囚四","回囹圄圈國圍園圓圖坰埇堀如姸娟尸","局屆屠屬山岡崩川州巨己已巳帥幻幼","弓引悶惱戶扇拐招捌捐掘摺旨明易昭","昴昻智期柳桐欄毋母汕汨汭沼涓淄測","炤烱焰煦爛爵玔珂珦瑁瑙用男甸眉眞","知紬細紹絹罰羽習聞肋胴腎臣臼舅芻","蚓角訓訶誾貂貞負貿賀踐軻邦酩釉釗","釧鈞銅銘門閃閉開閒間閔閣閥閭閱閻","閼闇闊闕闖關闡闢陷餉馴馹鬪가각갂","갃간갅갆갇갈갉갊갋갌갍갎갏감갑값","갓갔강갖갗갘같갚갛갟갨갰갸갹갺갻","갼갽갾갿걀걁걂걃걄걅걆걇걈걉걊걋","걌걍걎걏걐걑걒걓걗걠걨겄겏겘겠겼"]},{"type":"bitmap","file":"betterhud:text_font3_36.png","ascent":-8433685,"height":16,"chars":["곇곐곘고곡곢곣곤곥곦곧골곩곪곫곬","곭곮곯곰곱곲곳곴공곶곷곸곹곺곻괘","괙괚괛괜괝괞괟괠괡괢괣괤괥괦괧괨","괩괪괫괬괭괮괯괰괱괲괳굀굂굃굆굈","교굑굒굓굔굕굖굗굘굙굚굛굜굝굞굟","굠굡굢굣굤굥굦굧굨굩굪굫구국굮굯","군굱굲굳굴굵굶굷굸굹굺굻굼굽굾굿","궀궁궂궃궄궅궆궇궋궍궎궔궖궗궚궣","궤궥궦궧궨궩궪궫궬궭궮궯궰궱궲궳","궴궵궶궷궹궺궻궼궽궾궿귔규귝귞귟","균귡귢귣귤귥귦귧귨귩귪귫귬귭귮귯","귰귱귲귳귴귵귶귷그극귺귻근귽귾귿","글긁긂긃긄긅긆긇금급긊긋긌긍긎긏","긐긑긒긓긠긢긣긦긨깄깨깩깪깬깭깮","깯깰깱깲깳깵깶깷깸깹깺깻깽깾깿꺀","꺁꺂꺃꺠꺡꺢꺤꺥꺦꺧꺨꺩꺪꺫꺭꺮"]},{"type":"bitmap","file":"betterhud:text_font3_37.png","ascent":-8433685,"height":16,"chars":["꺯꺰꺱꺲꺳꺵꺶꺷꺸꺹꺺꺻꺿껁껂껈","껊껋껎껗께껙껚껜껝껞껟껠껡껢껣껥","껦껧껨껩껪껫껭껮껯껰껱껲껳껷껹껺","꼀꼂꼃꼆꼏꼐꼑꼒꼔꼕꼖꼗꼘꼙꼚꼛","꼝꼞꼟꼠꼡꼢꼣꼥꼦꼧꼨꼩꼪꼫꼬꼭","꼮꼯꼰꼱꼲꼳꼴꼵꼶꼷꼸꼹꼺꼻꼼꼽","꼾꼿꽀꽁꽂꽃꽄꽅꽆꽇꽤꽥꽦꽧꽨꽩","꽪꽫꽬꽭꽮꽯꽰꽱꽲꽳꽴꽵꽶꽷꽸꽹","꽺꽻꽼꽽꽾꽿꾌꾎꾏꾒꾔꾜꾝꾞꾟꾠","꾡꾢꾣꾤꾥꾦꾧꾨꾩꾪꾫꾬꾭꾮꾯꾰","꾱꾲꾳꾴꾵꾶꾷꾸꾹꾺꾻꾼꾽꾾꾿꿀","꿁꿂꿃꿄꿅꿆꿇꿈꿉꿊꿋꿌꿍꿎꿏꿐","꿑꿒꿓꿗꿘꿙꿚꿠꿢꿣꿦꿯꿰꿱꿲꿳","꿴꿵꿶꿷꿸꿹꿺꿻꿼꿽꿾꿿뀀뀁뀂뀃","뀅뀆뀇뀈뀉뀊뀋뀍뀎뀏뀐뀑뀒뀓뀔뀕","뀖뀗뀘뀙뀚뀛뀜뀝뀞뀟뀡뀢뀣뀤뀥뀦"]},{"type":"bitmap","file":"betterhud:text_font3_38.png","ascent":-8433685,"height":16,"chars":["뀧뀨뀩뀪뀫뀬뀭뀮뀯뀰뀱뀲뀳뀴뀵뀶","뀷뀸뀹뀺뀻뀼뀽뀾뀿끀끁끂끃끄끅끆","끇끈끉끊끋끌끍끎끏끐끑끒끓끔끕끖","끗끘끙끚끛끜끝끞끟끬끮끯끲끴끿낁","낂낈낊낋낎낗내낵낶낸낹낺낻낼낽낾","낿냁냂냃냄냅냆냇냉냊냋냌냍냎냏냬","냭냮냰냱냲냳냴냵냶냷냹냺냻냼냽냾","냿넁넂넃넄넅넆넇넋넍넎넔넖넗넚넣","네넥넦넨넩넪넫넬넭넮넯넱넲넳넴넵","넶넷넹넺넻넼넽넾넿녃녅녆녌녎녏녒","녛녜녝녞녠녡녢녣녤녥녦녧녩녪녫녬","녭녮녯녱녲녳녴녵녶녷노녹녺녻논녽","녾녿놀놁놂놃놄놅놆놇놈놉놊놋놌농","놎놏놐놑높놓놰놱놲놳놴놵놶놷놸놹","놺놻놼놽놾놿뇀뇁뇂뇃뇄뇅뇆뇇뇈뇉","뇊뇋뇘뇚뇛뇞뇠뇨뇩뇪뇫뇬뇭뇮뇯뇰"]},{"type":"bitmap","file":"betterhud:text_font3_39.png","ascent":-8433685,"height":16,"chars":["뇱뇲뇳뇴뇵뇶뇷뇸뇹뇺뇻뇼뇽뇾뇿눀","눁눂눃누눅눆눇눈눉눊눋눌눍눎눏눐","눑눒눓눔눕눖눗눘눙눚눛눜눝눞눟눣","눤눥눦눬눮눯눲눻눼눽눾눿뉀뉁뉂뉃","뉄뉅뉆뉇뉈뉉뉊뉋뉌뉍뉎뉏뉑뉒뉓뉔","뉕뉖뉗뉙뉚뉛뉜뉝뉞뉟뉠뉡뉢뉣뉤뉥","뉦뉧뉨뉩뉪뉫뉭뉮뉯뉰뉱뉲뉳뉴뉵뉶","뉷뉸뉹뉺뉻뉼뉽뉾뉿늀늁늂늃늄늅늆","늇늈늉늊늋늌늍늎늏느늑늒늓는늕늖","늗늘늙늚늛늜늝늞늟늠늡늢늣늤능늦","늧늨늩늪늫늸늺늻늾닀닋닍닎닔닖닗","닚닣대댁댂댄댅댆댇댈댉댊댋댍댎댏","댐댑댒댓댕댖댗댘댙댚댛댸댹댺댼댽","댾댿덀덁덂덃덅덆덇덈덉덊덋덍덎덏","덐덑덒덓덗덙덚덠덢덣덦덯데덱덲덴","덵덶덷델덹덺덻덽덾덿뎀뎁뎂뎃뎅뎆"]},{"type":"bitmap","file":"betterhud:text_font3_40.png","ascent":-8433685,"height":16,"chars":["뎇뎈뎉뎊뎋뎏뎑뎒뎘뎚뎛뎞뎧뎨뎩뎪","뎬뎭뎮뎯뎰뎱뎲뎳뎵뎶뎷뎸뎹뎺뎻뎽","뎾뎿돀돁돂돃도독돆돇돈돉돊돋돌돍","돎돏돐돑돒돓돔돕돖돗돘동돚돛돜돝","돞돟돼돽돾돿됀됁됂됃됄됅됆됇됈됉","됊됋됌됍됎됏됐됑됒됓됔됕됖됗됤됦","됧됪됬됴됵됶됷됸됹됺됻됼됽됾됿둀","둁둂둃둄둅둆둇둈둉둊둋둌둍둎둏두","둑둒둓둔둕둖둗둘둙둚둛둜둝둞둟둠","둡둢둣둤둥둦둧둨둩둪둫둯둰둱둲둸","둺둻둾뒇뒈뒉뒊뒋뒌뒍뒎뒏뒐뒑뒒뒓","뒔뒕뒖뒗뒘뒙뒚뒛뒝뒞뒟뒠뒡뒢뒣뒥","뒦뒧뒨뒩뒪뒫뒬뒭뒮뒯뒰뒱뒲뒳뒴뒵","뒶뒷뒹뒺뒻뒼뒽뒾뒿듀듁듂듃듄듅듆","듇듈듉듊듋듌듍듎듏듐듑듒듓듔듕듖","듗듘듙듚듛드득듞듟든듡듢듣들듥듦"]},{"type":"bitmap","file":"betterhud:text_font3_41.png","ascent":-8433685,"height":16,"chars":["듧듨듩듪듫듬듭듮듯듰등듲듳듴듵듶","듷딄딆딇딊딌딗딙딚딠딢딣딦딯때땍","땎땐땑땒땓땔땕땖땗땙땚땛땜땝땞땟","땡땢땣땤땥땦땧떄떅떆떈떉떊떋떌떍","떎떏떑떒떓떔떕떖떗떙떚떛떜떝떞떟","떣떥떦떬떮떯떲떻떼떽떾뗀뗁뗂뗃뗄","뗅뗆뗇뗉뗊뗋뗌뗍뗎뗏뗑뗒뗓뗔뗕뗖","뗗뗛뗝뗞뗤뗦뗧뗪뗳뗴뗵뗶뗸뗹뗺뗻","뗼뗽뗾뗿똁똂똃똄똅똆똇똉똊똋똌똍","똎똏또똑똒똓똔똕똖똗똘똙똚똛똜똝","똞똟똠똡똢똣똤똥똦똧똨똩똪똫뙈뙉","뙊뙋뙌뙍뙎뙏뙐뙑뙒뙓뙔뙕뙖뙗뙘뙙","뙚뙛뙜뙝뙞뙟뙠뙡뙢뙣뙰뙲뙳뙶뙸뚀","뚁뚂뚃뚄뚅뚆뚇뚈뚉뚊뚋뚌뚍뚎뚏뚐","뚑뚒뚓뚔뚕뚖뚗뚘뚙뚚뚛뚜뚝뚞뚟뚠","뚡뚢뚣뚤뚥뚦뚧뚨뚩뚪뚫뚬뚭뚮뚯뚰"]},{"type":"bitmap","file":"betterhud:text_font3_42.png","ascent":-8433685,"height":16,"chars":["뚱뚲뚳뚴뚵뚶뚷뚻뚼뚽뚾뛄뛆뛇뛊뛓","뛔뛕뛖뛗뛘뛙뛚뛛뛜뛝뛞뛟뛠뛡뛢뛣","뛤뛥뛦뛧뛩뛪뛫뛬뛭뛮뛯뛱뛲뛳뛴뛵","뛶뛷뛸뛹뛺뛻뛼뛽뛾뛿뜀뜁뜂뜃뜅뜆","뜇뜈뜉뜊뜋뜌뜍뜎뜏뜐뜑뜒뜓뜔뜕뜖","뜗뜘뜙뜚뜛뜜뜝뜞뜟뜠뜡뜢뜣뜤뜥뜦","뜧뜨뜩뜪뜫뜬뜭뜮뜯뜰뜱뜲뜳뜴뜵뜶","뜷뜸뜹뜺뜻뜼뜽뜾뜿띀띁띂띃띐띒띓","띖띘띣띥띦띬띮띯띲띻라락띾띿란랁","랂랃랄랅랆랇랈랉랊랋람랍랎랏랐랑","랒랓랔랕랖랗랛랤랬랴략랶랷랸랹랺","랻랼랽랾랿럀럁럂럃럄럅럆럇럈량럊","럋럌럍럎럏럓럜럤렀렋렔렜렸롃롌롔","로록롞롟론롡롢롣롤롥롦롧롨롩롪롫","롬롭롮롯롰롱롲롳롴롵롶롷뢔뢕뢖뢗","뢘뢙뢚뢛뢜뢝뢞뢟뢠뢡뢢뢣뢤뢥뢦뢧"]},{"type":"bitmap","file":"betterhud:text_font3_43.png","ascent":-8433685,"height":16,"chars":["뢨뢩뢪뢫뢬뢭뢮뢯뢼뢾뢿룂룄료룍룎","룏룐룑룒룓룔룕룖룗룘룙룚룛룜룝룞","룟룠룡룢룣룤룥룦룧루룩룪룫룬룭룮","룯룰룱룲룳룴룵룶룷룸룹룺룻룼룽룾","룿뤀뤁뤂뤃뤇뤉뤊뤐뤒뤓뤖뤟뤠뤡뤢","뤣뤤뤥뤦뤧뤨뤩뤪뤫뤬뤭뤮뤯뤰뤱뤲","뤳뤵뤶뤷뤸뤹뤺뤻륐류륙륚륛륜륝륞","륟률륡륢륣륤륥륦륧륨륩륪륫륬륭륮","륯륰륱륲륳르륵륶륷른륹륺륻를륽륾","륿릀릁릂릃름릅릆릇릈릉릊릋릌릍릎","릏릜릞릟릢릤맀매맥맦맨맩맪맫맬맭","맮맯맱맲맳맴맵맶맷맹맺맻맼맽맾맿","먜먝먞먠먡먢먣먤먥먦먧먩먪먫먬먭","먮먯먱먲먳먴먵먶먷먻먽먾멄멆멇멊","멓메멕멖멘멙멚멛멜멝멞멟멡멢멣멤","멥멦멧멩멪멫멬멭멮멯멳멵멶멼멾멿"]},{"type":"bitmap","file":"betterhud:text_font3_44.png","ascent":-8433685,"height":16,"chars":["몂몋몌몍몎몐몑몒몓몔몕몖몗몙몚몛","몜몝몞몟몡몢몣몤몥몦몧모목몪몫몬","몭몮몯몰몱몲몳몴몵몶몷몸몹몺못몼","몽몾몿뫀뫁뫂뫃뫠뫡뫢뫣뫤뫥뫦뫧뫨","뫩뫪뫫뫬뫭뫮뫯뫰뫱뫲뫳뫴뫵뫶뫷뫸","뫹뫺뫻묈묊묋묎묐묘묙묚묛묜묝묞묟","묠묡묢묣묤묥묦묧묨묩묪묫묬묭묮묯","묰묱묲묳무묵묶묷문묹묺묻물묽묾묿","뭀뭁뭂뭃뭄뭅뭆뭇뭈뭉뭊뭋뭌뭍뭎뭏","뭓뭔뭕뭖뭜뭞뭟뭢뭫뭬뭭뭮뭯뭰뭱뭲","뭳뭴뭵뭶뭷뭸뭹뭺뭻뭼뭽뭾뭿뮁뮂뮃","뮄뮅뮆뮇뮉뮊뮋뮌뮍뮎뮏뮐뮑뮒뮓뮔","뮕뮖뮗뮘뮙뮚뮛뮝뮞뮟뮠뮡뮢뮣뮤뮥","뮦뮧뮨뮩뮪뮫뮬뮭뮮뮯뮰뮱뮲뮳뮴뮵","뮶뮷뮸뮹뮺뮻뮼뮽뮾뮿므믁믂믃믄믅","믆믇믈믉믊믋믌믍믎믏믐믑믒믓믔믕"]},{"type":"bitmap","file":"betterhud:text_font3_45.png","ascent":-8433685,"height":16,"chars":["믖믗믘믙믚믛믨믪믫믮믰믻믽믾밄밆","밇밊밓배백밲밴밵밶밷밸밹밺밻밽밾","밿뱀뱁뱂뱃뱅뱆뱇뱈뱉뱊뱋뱨뱩뱪뱬","뱭뱮뱯뱰뱱뱲뱳뱵뱶뱷뱸뱹뱺뱻뱽뱾","뱿벀벁벂벃벇벉벊벐벒벓벖벟베벡벢","벤벥벦벧벨벩벪벫벭벮벯벰벱벲벳벵","벶벷벸벹벺벻벿볁볂볈볊볋볎볗볘볙","볚볜볝볞볟볠볡볢볣볥볦볧볨볩볪볫","볭볮볯볰볱볲볳보복볶볷본볹볺볻볼","볽볾볿봀봁봂봃봄봅봆봇봈봉봊봋봌","봍봎봏봬봭봮봯봰봱봲봳봴봵봶봷봸","봹봺봻봼봽봾봿뵀뵁뵂뵃뵄뵅뵆뵇뵔","뵖뵗뵚뵜뵤뵥뵦뵧뵨뵩뵪뵫뵬뵭뵮뵯","뵰뵱뵲뵳뵴뵵뵶뵷뵸뵹뵺뵻뵼뵽뵾뵿","부북붂붃분붅붆붇불붉붊붋붌붍붎붏","붐붑붒붓붔붕붖붗붘붙붚붛붟붠붡붢"]},{"type":"bitmap","file":"betterhud:text_font3_46.png","ascent":-8433685,"height":16,"chars":["붨붪붫붮붷붸붹붺붻붼붽붾붿뷀뷁뷂","뷃뷄뷅뷆뷇뷈뷉뷊뷋뷍뷎뷏뷐뷑뷒뷓","뷕뷖뷗뷘뷙뷚뷛뷜뷝뷞뷟뷠뷡뷢뷣뷤","뷥뷦뷧뷩뷪뷫뷬뷭뷮뷯뷰뷱뷲뷳뷴뷵","뷶뷷뷸뷹뷺뷻뷼뷽뷾뷿븀븁븂븃븄븅","븆븇븈븉븊븋브븍븎븏븐븑븒븓블븕","븖븗븘븙븚븛븜븝븞븟븠븡븢븣븤븥","븦븧븴븶븷븺븼빇빉빊빐빒빓빖빟뻐","뻑뻒뻔뻗뻘뻙뻚뻛뻝뻠뻡뻣뻥뻦뻧뻨","뻩뻪뼈뼉뼊뼌뼏뼐뼑뼒뼓뼕뼘뼙뼛뼝","뼞뼟뼠뼡뼢뽀뽁뽂뽃뽄뽅뽆뽇뽈뽉뽊","뽋뽌뽍뽎뽏뽐뽑뽒뽓뽔뽕뽖뽗뽘뽙뽚","뽛뽸뽹뽺뽻뽼뽽뽾뽿뾀뾁뾂뾃뾄뾅뾆","뾇뾈뾉뾊뾋뾌뾍뾎뾏뾐뾑뾒뾓뾠뾢뾣","뾦뾨뾰뾱뾲뾳뾴뾵뾶뾷뾸뾹뾺뾻뾼뾽","뾾뾿뿀뿁뿂뿃뿄뿅뿆뿇뿈뿉뿊뿋뿌뿍"]},{"type":"bitmap","file":"betterhud:text_font3_47.png","ascent":-8433685,"height":16,"chars":["뿎뿏뿐뿑뿒뿓뿔뿕뿖뿗뿘뿙뿚뿛뿜뿝","뿞뿟뿠뿡뿢뿣뿤뿥뿦뿧뿫뿬뿭뿮뿴뿶","뿷뿺쀃쀄쀅쀆쀇쀈쀉쀊쀋쀌쀍쀎쀏쀐","쀑쀒쀓쀔쀕쀖쀗쀙쀚쀛쀜쀝쀞쀟쀡쀢","쀣쀤쀥쀦쀧쀨쀩쀪쀫쀬쀭쀮쀯쀰쀱쀲","쀳쀵쀶쀷쀸쀹쀺쀻쀼쀽쀾쀿쁀쁁쁂쁃","쁄쁅쁆쁇쁈쁉쁊쁋쁌쁍쁎쁏쁐쁑쁒쁓","쁔쁕쁖쁗쁘쁙쁚쁛쁜쁝쁞쁟쁠쁡쁢쁣","쁤쁥쁦쁧쁨쁩쁪쁫쁬쁭쁮쁯쁰쁱쁲쁳","삀삂삃삆삈삐삑삒삔삗삘삙삚삛삝삠","삡삣삥삦삧삨삩삪새색샊샌샍샎샏샐","샑샒샓샕샖샗샘샙샚샛생샞샟샠샡샢","샣섀섁섂섄섅섆섇섈섉섊섋섍섎섏섐","섑섒섓섕섖섗섘섙섚섛섟섡섢섨섪섫","섮섷세섹섺센섽섾섿셀셁셂셃셅셆셇","셈셉셊셋셍셎셏셐셑셒셓셗셙셚셠셢"]},{"type":"bitmap","file":"betterhud:text_font3_48.png","ascent":-8433685,"height":16,"chars":["셣셦셯셰셱셲셴셵셶셷셸셹셺셻셽셾","셿솀솁솂솃솅솆솇솈솉솊솋소속솎솏","손솑솒솓솔솕솖솗솘솙솚솛솜솝솞솟","솠송솢솣솤솥솦솧쇄쇅쇆쇇쇈쇉쇊쇋","쇌쇍쇎쇏쇐쇑쇒쇓쇔쇕쇖쇗쇘쇙쇚쇛","쇜쇝쇞쇟쇬쇮쇯쇲쇴쇼쇽쇾쇿숀숁숂","숃숄숅숆숇숈숉숊숋숌숍숎숏숐숑숒","숓숔숕숖숗수숙숚숛순숝숞숟술숡숢","숣숤숥숦숧숨숩숪숫숬숭숮숯숰숱숲","숳숷숸숹숺쉀쉂쉃쉆쉏쉐쉑쉒쉓쉔쉕","쉖쉗쉘쉙쉚쉛쉜쉝쉞쉟쉠쉡쉢쉣쉥쉦","쉧쉨쉩쉪쉫쉭쉮쉯쉰쉱쉲쉳쉴쉵쉶쉷","쉸쉹쉺쉻쉼쉽쉾쉿슁슂슃슄슅슆슇슈","슉슊슋슌슍슎슏슐슑슒슓슔슕슖슗슘","슙슚슛슜슝슞슟슠슡슢슣스슥슦슧슨","슩슪슫슬슭슮슯슰슱슲슳슴습슶슷슸"]},{"type":"bitmap","file":"betterhud:text_font3_49.png","ascent":-8433685,"height":16,"chars":["승슺슻슼슽슾슿싌싎싏싒싔싟싡싢싨","싪싫싮싷쌕쌖쌘쌙쌚쌛쌜쌝쌞쌟쌡쌢","쌣쌤쌥쌦쌧쌩쌪쌫쌬쌭쌮쌯썍썎썐썑","썒썓썔썕썖썗썙썚썛썜썝썞썟썡썢썣","썤썥썦썧써썫썭썮썴썶썷썺쎃쎅쎆쎈","쎉쎊쎋쎌쎍쎎쎏쎑쎒쎓쎔쎕쎖쎗쎙쎚","쎛쎜쎝쎞쎟쎠쎣쎥쎦쎬쎮쎯쎲쎻쎽쎾","쏀쏁쏂쏃쏄쏅쏆쏇쏉쏊쏋쏌쏍쏎쏏쏑","쏒쏓쏔쏕쏖쏗쏘쏙쏚쏛쏜쏝쏞쏟쏠쏡","쏢쏣쏤쏥쏦쏧쏨쏩쏪쏫쏬쏭쏮쏯쏰쏱","쏲쏳쐐쐑쐒쐓쐔쐕쐖쐗쐘쐙쐚쐛쐜쐝","쐞쐟쐠쐡쐢쐣쐤쐥쐦쐧쐨쐩쐪쐫쐸쐺","쐻쐾쑀쑈쑉쑊쑋쑌쑍쑎쑏쑐쑑쑒쑓쑔","쑕쑖쑗쑘쑙쑚쑛쑜쑝쑞쑟쑠쑡쑢쑣쑤","쑥쑦쑧쑨쑩쑪쑫쑬쑭쑮쑯쑰쑱쑲쑳쑴","쑵쑶쑷쑸쑹쑺쑻쑼쑽쑾쑿쒃쒄쒅쒆쒌"]},{"type":"bitmap","file":"betterhud:text_font3_50.png","ascent":-8433685,"height":16,"chars":["쒎쒏쒒쒛쒜쒝쒞쒟쒠쒡쒢쒣쒤쒥쒦쒧","쒨쒩쒪쒫쒬쒭쒮쒯쒱쒲쒳쒴쒵쒶쒷쒹","쒺쒻쒼쒽쒾쒿쓀쓁쓂쓃쓄쓅쓆쓇쓈쓉","쓊쓋쓍쓎쓏쓐쓑쓒쓓쓔쓕쓖쓗쓘쓙쓚","쓛쓜쓝쓞쓟쓠쓡쓢쓣쓤쓥쓦쓧쓨쓩쓪","쓫쓬쓭쓮쓯쓰쓱쓲쓳쓴쓵쓶쓷쓸쓹쓺","쓻쓼쓽쓾쓿씀씁씂씃씄씅씆씇씈씉씊","씋씘씚씛씞씠씨씫씭씮씴씶씷씺앃악","앆앇안앉않앋알앍앎앏앐앑앒앓암압","앖앗았앙앚앛앜앝앞앟애앣앬앴약앾","앿얀얁얂얃얄얅얆얇얈얉얊얋얌얍얎","얏얐양얒얓얔얕얖얗얘얛얤얬었에엓","엜엤였예옋옔옜오옥옦옧온옩옪옫올","옭옮옯옰옱옲옳옴옵옶옷옸옹옺옻옼","옽옾옿왜왝왞왟왠왡왢왣왤왥왦왧왨","왩왪왫왬왭왮왯왰왱왲왳왴왵왶왷욄"]},{"type":"bitmap","file":"betterhud:text_font3_51.png","ascent":-8433685,"height":16,"chars":["욆욇욊욌요욕욖욗욘욙욚욛욜욝욞욟","욠욡욢욣욤욥욦욧욨용욪욫욬욭욮욯","우욱욲욳운욵욶욷울욹욺욻욼욽욾욿","움웁웂웃웄웅웆웇웈웉웊웋웏웑웒웘","웚웛웞웧웨웩웪웫웬웭웮웯웰웱웲웳","웴웵웶웷웸웹웺웻웽웾웿윀윁윂윃윘","유육윢윣윤윥윦윧율윩윪윫윬윭윮윯","윰윱윲윳윴융윶윷윸윹윺윻으윽윾윿","은읁읂읃을읅읆읇읈읉읊읋음읍읎읏","읐응읒읓읔읕읖읗읤읦읧읪읬있작잒","잓잔잕잖잗잘잙잚잛잜잝잞잟잠잡잢","잣잤장잦잧잨잩잪잫재잯잸쟀쟉쟊쟋","쟌쟍쟎쟏쟐쟑쟒쟓쟔쟕쟖쟗쟘쟙쟚쟛","쟜쟝쟞쟟쟠쟡쟢쟣쟤쟧쟰쟸젔제젟젨","젰졌졔졗졠졨조족졲졳존졵졶졷졸졹","졺졻졼졽졾졿좀좁좂좃좄종좆좇좈좉"]},{"type":"bitmap","file":"betterhud:text_font3_52.png","ascent":-8433685,"height":16,"chars":["좊좋좨좩좪좫좬좭좮좯좰좱좲좳좴좵","좶좷좸좹좺좻좼좽좾좿죀죁죂죃죐죒","죓죖죘죠죡죢죣죤죥죦죧죨죩죪죫죬","죭죮죯죰죱죲죳죴죵죶죷죸죹죺죻주","죽죾죿준줁줂줃줄줅줆줇줈줉줊줋줌","줍줎줏줐중줒줓줔줕줖줗줛줜줝줞줤","줦줧줪줳줴줵줶줷줸줹줺줻줼줽줾줿","쥀쥁쥂쥃쥄쥅쥆쥇쥉쥊쥋쥌쥍쥎쥏쥑","쥒쥓쥔쥕쥖쥗쥘쥙쥚쥛쥜쥝쥞쥟쥠쥡","쥢쥣쥥쥦쥧쥨쥩쥪쥫쥬쥭쥮쥯쥰쥱쥲","쥳쥴쥵쥶쥷쥸쥹쥺쥻쥼쥽쥾쥿즀즁즂","즃즄즅즆즇즈즉즊즋즌즍즎즏즐즑즒","즓즔즕즖즗즘즙즚즛즜증즞즟즠즡즢","즣즰즲즳즶즸짔짹짺짼짽짾짿쨀쨁쨂","쨃쨅쨆쨇쨈쨉쨊쨋쨍쨎쨏쨐쨑쨒쨓쨱","쨲쨴쨵쨶쨷쨸쨹쨺쨻쨽쨾쨿쩀쩁쩂쩃"]},{"type":"bitmap","file":"betterhud:text_font3_53.png","ascent":-8433685,"height":16,"chars":["쩅쩆쩇쩈쩉쩊쩋쩌쩏쩑쩒쩘쩚쩛쩞쩧","쩩쩪쩬쩭쩮쩯쩰쩱쩲쩳쩵쩶쩷쩸쩹쩺","쩻쩽쩾쩿쪀쪁쪂쪃쪄쪇쪉쪊쪐쪒쪓쪖","쪟쪡쪢쪤쪥쪦쪧쪨쪩쪪쪫쪭쪮쪯쪰쪱","쪲쪳쪵쪶쪷쪸쪹쪺쪻쪼쪽쪾쪿쫀쫁쫂","쫃쫄쫅쫆쫇쫈쫉쫊쫋쫌쫍쫎쫏쫐쫑쫒","쫓쫔쫕쫖쫗쫴쫵쫶쫷쫸쫹쫺쫻쫼쫽쫾","쫿쬀쬁쬂쬃쬄쬅쬆쬇쬈쬉쬊쬋쬌쬍쬎","쬏쬜쬞쬟쬢쬤쬬쬭쬮쬯쬰쬱쬲쬳쬴쬵","쬶쬷쬸쬹쬺쬻쬼쬽쬾쬿쭀쭁쭂쭃쭄쭅","쭆쭇쭈쭉쭊쭋쭌쭍쭎쭏쭐쭑쭒쭓쭔쭕","쭖쭗쭘쭙쭚쭛쭜쭝쭞쭟쭠쭡쭢쭣쭧쭨","쭩쭪쭰쭲쭳쭶쭿쮀쮁쮂쮃쮄쮅쮆쮇쮈","쮉쮊쮋쮌쮍쮎쮏쮐쮑쮒쮓쮕쮖쮗쮘쮙","쮚쮛쮝쮞쮟쮠쮡쮢쮣쮤쮥쮦쮧쮨쮩쮪","쮫쮬쮭쮮쮯쮱쮲쮳쮴쮵쮶쮷쮸쮹쮺쮻"]},{"type":"bitmap","file":"betterhud:text_font3_54.png","ascent":-8433685,"height":16,"chars":["쮼쮽쮾쮿쯀쯁쯂쯃쯄쯅쯆쯇쯈쯉쯊쯋","쯌쯍쯎쯏쯐쯑쯒쯓쯔쯕쯖쯗쯘쯙쯚쯛","쯜쯝쯞쯟쯠쯡쯢쯣쯤쯥쯦쯧쯨쯩쯪쯫","쯬쯭쯮쯯쯼쯾쯿찂찄찌찏찑찒찘찚찛","찞찧채책챆챈챉챊챋챌챍챎챏챑챒챓","챔챕챖챗챙챚챛챜챝챞챟챼챽챾첀첁","첂첃첄첅첆첇첉첊첋첌첍첎첏첑첒첓","첔첕첖첗첛첝첞첤첦첧첪첳체첵첶첸","첹첺첻첼첽첾첿쳁쳂쳃쳄쳅쳆쳇쳉쳊","쳋쳌쳍쳎쳏쳓쳕쳖쳜쳞쳟쳢쳫쳬쳭쳮","쳰쳱쳲쳳쳴쳵쳶쳷쳹쳺쳻쳼쳽쳾쳿촁","촂촃촄촅촆촇초촉촊촋촌촍촎촏촐촑","촒촓촔촕촖촗촘촙촚촛촜총촞촟촠촡","촢촣쵀쵁쵂쵃쵄쵅쵆쵇쵈쵉쵊쵋쵌쵍","쵎쵏쵐쵑쵒쵓쵔쵕쵖쵗쵘쵙쵚쵛쵨쵪","쵫쵮쵰쵸쵹쵺쵻쵼쵽쵾쵿춀춁춂춃춄"]},{"type":"bitmap","file":"betterhud:text_font3_55.png","ascent":-8433685,"height":16,"chars":["춅춆춇춈춉춊춋춌춍춎춏춐춑춒춓추","축춖춗춘춙춚춛출춝춞춟춠춡춢춣춤","춥춦춧춨충춪춫춬춭춮춯춳춴춵춶춼","춾춿췂췋췌췍췎췏췐췑췒췓췔췕췖췗","췘췙췚췛췜췝췞췟췡췢췣췤췥췦췧췩","췪췫췬췭췮췯췰췱췲췳췴췵췶췷췸췹","췺췻췽췾췿츀츁츂츃츄츅츆츇츈츉츊","츋츌츍츎츏츐츑츒츓츔츕츖츗츘츙츚","츛츜츝츞츟츠측츢츣츤츥츦츧츨츩츪","츫츬츭츮츯츰츱츲츳츴층츶츷츸츹츺","츻칈칊칋칎칐칛칝칞칤칦칧칪칳칵칶","칷칸칹칺칻칼칽칾칿캀캁캂캃캄캅캆","캇캈캉캊캋캌캍캎캏캐캓캜캤캭캮캯","캰캱캲캳캴캵캶캷캸캹캺캻캼캽캾캿","컀컁컂컃컄컅컆컇컈컋컔컜컸케켃켌","켔켰켸켻콄콌코콕콖콗콘콙콚콛콜콝"]},{"type":"bitmap","file":"betterhud:text_font3_56.png","ascent":-8433685,"height":16,"chars":["콞콟콠콡콢콣콤콥콦콧콨콩콪콫콬콭","콮콯쾌쾍쾎쾏쾐쾑쾒쾓쾔쾕쾖쾗쾘쾙","쾚쾛쾜쾝쾞쾟쾠쾡쾢쾣쾤쾥쾦쾧쾴쾶","쾷쾺쾼쿄쿅쿆쿇쿈쿉쿊쿋쿌쿍쿎쿏쿐","쿑쿒쿓쿔쿕쿖쿗쿘쿙쿚쿛쿜쿝쿞쿟쿠","쿡쿢쿣쿤쿥쿦쿧쿨쿩쿪쿫쿬쿭쿮쿯쿰","쿱쿲쿳쿴쿵쿶쿷쿸쿹쿺쿻쿿퀁퀂퀈퀊","퀋퀎퀗퀘퀙퀚퀛퀜퀝퀞퀟퀠퀡퀢퀣퀤","퀥퀦퀧퀨퀩퀪퀫퀭퀮퀯퀰퀱퀲퀳큈큐","큑큒큓큔큕큖큗큘큙큚큛큜큝큞큟큠","큡큢큣큤큥큦큧큨큩큪큫크큭큮큯큰","큱큲큳클큵큶큷큸큹큺큻큼큽큾큿킀","킁킂킃킄킅킆킇킔킖킗킚킜킸태택탞","탠탡탢탣탤탥탦탧탩탪탫탬탭탮탯탱","탲탳탴탵탶탷턔턕턖턘턙턚턛턜턝턞","턟턡턢턣턤턥턦턧턩턪턫턬턭턮턯턳"]},{"type":"bitmap","file":"betterhud:text_font3_57.png","ascent":-8433685,"height":16,"chars":["턵턶턼턾턿텂텋테텍텎텐텑텒텓텔텕","텖텗텙텚텛템텝텞텟텡텢텣텤텥텦텧","텫텭텮텴텶텷텺톃톄톅톆톈톉톊톋톌","톍톎톏톑톒톓톔톕톖톗톙톚톛톜톝톞","톟토톡톢톣톤톥톦톧톨톩톪톫톬톭톮","톯톰톱톲톳톴통톶톷톸톹톺톻퇘퇙퇚","퇛퇜퇝퇞퇟퇠퇡퇢퇣퇤퇥퇦퇧퇨퇩퇪","퇫퇬퇭퇮퇯퇰퇱퇲퇳툀툂툃툆툈툐툑","툒툓툔툕툖툗툘툙툚툛툜툝툞툟툠툡","툢툣툤툥툦툧툨툩툪툫투툭툮툯툰툱","툲툳툴툵툶툷툸툹툺툻툼툽툾툿퉀퉁","퉂퉃퉄퉅퉆퉇퉋퉌퉍퉎퉔퉖퉗퉚퉣퉤","퉥퉦퉧퉨퉩퉪퉫퉬퉭퉮퉯퉰퉱퉲퉳퉴","퉵퉶퉷퉹퉺퉻퉼퉽퉾퉿튁튂튃튄튅튆","튇튈튉튊튋튌튍튎튏튐튑튒튓튕튖튗","튘튙튚튛튜튝튞튟튠튡튢튣튤튥튦튧"]},{"type":"bitmap","file":"betterhud:text_font3_58.png","ascent":-8433685,"height":16,"chars":["튨튩튪튫튬튭튮튯튰튱튲튳튴튵튶튷","트특튺튻튼튽튾튿틀틁틂틃틄틅틆틇","틈틉틊틋틌틍틎틏틐틑틒틓틠틢틣틦","틨틳틵틶틼틾틿팂팋팩팪팬팭팮팯팰","팱팲팳팵팶팷팸팹팺팻팽팾팿퍀퍁퍂","퍃퍡퍢퍤퍥퍦퍧퍨퍩퍪퍫퍭퍮퍯퍰퍱","퍲퍳퍵퍶퍷퍸퍹퍺퍻퍼퍿펁펂펈펊펋","펎펗펙펚펜펝펞펟펠펡펢펣펥펦펧펨","펩펪펫펭펮펯펰펱펲펳펴펷펹펺폀폂","폃폆폏폑폒폔폕폖폗폘폙폚폛폝폞폟","폠폡폢폣폥폦폧폨폩폪폫포폭폮폯폰","폱폲폳폴폵폶폷폸폹폺폻폼폽폾폿퐀","퐁퐂퐃퐄퐅퐆퐇퐤퐥퐦퐧퐨퐩퐪퐫퐬","퐭퐮퐯퐰퐱퐲퐳퐴퐵퐶퐷퐸퐹퐺퐻퐼","퐽퐾퐿푌푎푏푒푔표푝푞푟푠푡푢푣","푤푥푦푧푨푩푪푫푬푭푮푯푰푱푲푳"]},{"type":"bitmap","file":"betterhud:text_font3_59.png","ascent":-8433685,"height":16,"chars":["푴푵푶푷푸푹푺푻푼푽푾푿풀풁풂풃","풄풅풆풇품풉풊풋풌풍풎풏풐풑풒풓","풗풘풙풚풠풢풣풦풯풰풱풲풳풴풵풶","풷풸풹풺풻풼풽풾풿퓀퓁퓂퓃퓅퓆퓇","퓈퓉퓊퓋퓍퓎퓏퓐퓑퓒퓓퓔퓕퓖퓗퓘","퓙퓚퓛퓜퓝퓞퓟퓡퓢퓣퓤퓥퓦퓧퓨퓩","퓪퓫퓬퓭퓮퓯퓰퓱퓲퓳퓴퓵퓶퓷퓸퓹","퓺퓻퓼퓽퓾퓿픀픁픂픃프픅픆픇픈픉","픊픋플픍픎픏픐픑픒픓픔픕픖픗픘픙","픚픛픜픝픞픟픬픮픯픲픴피픿핁핂핈","핊핋핎핗해핵핶핸핹핺핻핼핽핾핿햁","햂햃햄햅햆햇행햊햋햌햍햎햏햬햭햮","햰햱햲햳햴햵햶햷햹햺햻햼햽햾햿헁","헂헃헄헅헆헇헋헍헎헔헖헗헚헣헤헥","헦헨헩헪헫헬헭헮헯헱헲헳헴헵헶헷","헹헺헻헼헽헾헿혃혅혆혌혎혏혒혛혜"]},{"type":"bitmap","file":"betterhud:text_font3_60.png","ascent":-8433685,"height":16,"chars":["혝혞혠혡혢혣혤혥혦혧혩혪혫혬혭혮","혯혱혲혳혴혵혶혷호혹혺혻혼혽혾혿","홀홁홂홃홄홅홆홇홈홉홊홋홌홍홎홏","홐홑홒홓홰홱홲홳홴홵홶홷홸홹홺홻","홼홽홾홿횀횁횂횃횄횅횆횇횈횉횊횋","횘횚횛횞횠효횩횪횫횬횭횮횯횰횱횲","횳횴횵횶횷횸횹횺횻횼횽횾횿훀훁훂","훃후훅훆훇훈훉훊훋훌훍훎훏훐훑훒","훓훔훕훖훗훘훙훚훛훜훝훞훟훣훤훥","훦훬훮훯훲훻훼훽훾훿휀휁휂휃휄휅","휆휇휈휉휊휋휌휍휎휏휑휒휓휔휕휖","휗휙휚휛휜휝휞휟휠휡휢휣휤휥휦휧","휨휩휪휫휭휮휯휰휱휲휳휴휵휶휷휸","휹휺휻휼휽휾휿흀흁흂흃흄흅흆흇흈","흉흊흋흌흍흎흏흐흑흒흓흔흕흖흗흘","흙흚흛흜흝흞흟흠흡흢흣흤흥흦흧흨"]},{"type":"bitmap","file":"betterhud:text_font3_61.png","ascent":-8433685,"height":16,"chars":["흩흪흫흸흺흻흾힀힋힍힎힔힖힗힚힣","句喇邏勒呂閭力列囹留易刺切ＡＮＱ"]},{"type":"bitmap","file":"betterhud:text_font3_62.png","ascent":-8433685,"height":16,"chars":["ＶＹｍ￡"]},{"type":"bitmap","file":"betterhud:text_font3_63.png","ascent":-8433685,"height":16,"chars":["¾Ъ™⅔ⅣⅤⅥⅦⅧⅨⅶ▥★☆☎☏","☜☞いげすせぞだづでばぱぼぽめや","アガギゲサセチニバパボポムモヤㄳ","ㄵㅀㅗㅙㅧㅬㅭㅮㅲㅻㅽㆀㆅㆇㆈㆊ","㎀㎁㎃㎄㎌㎍㎕㎛㎟㎠㎢㎣㎤㎦㎨㎪","㎮㎲㎴㎵㎷㎸㎹㎼㏖一丁七万丈三上","下不丑丕世丘丙丞中丸丹主乂乃久之","乍乎乏乖乘乙九乞也乫乭乳乶乷乾亂","予事二于亐云互五井些亞亡亢交亥亦","亨享京亭亮亶人什仁仄仇今介仍仔仕","他仗付仝仟代令以仰仲件价任企伉伊","伋伍伎伏伐休伴伶伺似伽但佇佈位低","住佐佑何余佚佛作佩佯佰佳佶佺佾使","侁侃侄來侈侊例侍侏侑侖侘供依侮侯","侵便係促俄俉俊俎俑俓俔俗俚保俟俠","信修俯俱俳俵俸俺倂倆倉倍們倒倖候"]},{"type":"bitmap","file":"betterhud:text_font3_64.png","ascent":-8433685,"height":16,"chars":["倚倜倞借倡倣値倦倧倨倪倫倬倭倻偃","假偈偉偏偕做停健側偵偶偸傀傅傍傑","傘備催傭傲傳債傷傾僅僉僊像僑僕僖","僚僞僥僧僭價僻僿儀儁億儆儉儒償儡","優儲儷儺儼兀允元兄充兆兇先光克兌","免兎兒兜兢入全兩兪八公六兮共兵其","典兼冀冊再冕冗冠冥冪冬冶冷冽凄准","凉凋凌凍凜凝凞凡凰凱函分切刎初別","刪制刷券刺削剋前剔剖剝剡剪副創剽","剿劃劇劈劉劍劑劒加劣劤努劫劾勁勃","勅勇勉勍動勖務勛勝勞募勢勣勤勳勵","勸勺包匈匏匐化北匙匡匣區十千卄升","午卉半卑卒卓協南博卞卦卨危卵卿厄","厓厘厚原厠厥厦厭去參又叉及友反叔","取受叛叡叢古只叫叭台叱史右吃各合","吉后吏吐君吝吟吠否吩含吳吸吹吻吼"]},{"type":"bitmap","file":"betterhud:text_font3_65.png","ascent":-8433685,"height":16,"chars":["吾呈告呑周呪呱味呼命咀咆咎咐咤咨","咫咳咸咽哀品哄哈哉哥哭哮哲哺唄唆","唇唎唐唜唯唱唵唾啄商啓啖啞啣啼善","喆喉喊喘喙喚喜喝喧喩喪喫喬單嗅嗇","嗔嗚嗜嗟嗣嗤嗽嗾嘆嘉嘔嘗嘯嘲嘴嘶","噓器噫噴嚆嚥嚬嚮嚴嚼囊囍囑固團土","在圭地圻址坂均坊坍坎坐坑坡坤坦坪","坮坵坼垂垈型垓垠垢垣埃埈埋城域埠","埰埴執培基埼堂堅堆堈堉堊堞堡堤堧","堪堯堰報場堵堺塊塋塏塑塔塗塘塚塞","塡塢塤塵塹塼塾境墅墉墓墜增墟墨墩","墮墳墺墻墾壁壅壇壎壑壓壕壘壙壞壟","壤士壬壯壹壺壻壽夏夔夕外夙多夜夢","大天太夫夭央失夷夾奄奇奈奉奎奏奐","契奔奕套奚奠奢奧奪奫奬奭奮女奴奸","好妃妄妊妓妖妗妙妥妨妬妹妻妾姃姆"]},{"type":"bitmap","file":"betterhud:text_font3_66.png","ascent":-8433685,"height":16,"chars":["姉始姐姑姓委姙姚姜姝姦姨姪姬姮姻","姿威娃娑娘娛娜娠娥娩娶娼婁婆婉婚","婢婦媒媚媛媤嫁嫂嫄嫉嫌嫡嫦嫩嬅嬉","嬋嬌嬖嬪孀孃子孑孔孕字存孚孜孝孟","季孤孩孫孰孱孵學孺孼宅宇守安宋完","宏宓宕宖宗官宙定宛宜客宣室宥宦宬","宮宰害宴宵家宸容宿寀寂寃寄寅密寇","富寐寒寓寔寗寞察寡寢寤寥實寧寨審","寫寬寮寯寵寶寸寺封射將專尉尊尋對","導小少尖尙尤尨就尹尺尻尼尾尿居屈","屋屍屎屑展屛屢層履屯屹岐岑岩岫岬","岱岳岵岷岸岺岾峀峙峠峨峯峰峴島峻","峽崇崍崎崑崔崖崗崙崧嵋嵌嵐嵩嵬嵯","嶇嶋嶝嶠嶢嶪嶸嶺嶼嶽巍巒巖巡巢工","左巧巫差巴巷巽市布帆希帑帖帙帝師","席帳帶常帽帿幀幄幅幇幌幕幟幡幢幣"]},{"type":"bitmap","file":"betterhud:text_font3_67.png","ascent":-8433685,"height":16,"chars":["干平年幷幸幹幽幾庄庇床序底店庚府","庠度座庫庭庵庶康庸庾廂廈廉廊廐廓","廖廚廛廟廠廢廣廬廳延廷建廻弁弄弊","式弑弔弗弘弛弟弦弧弩弱張强弼彈彊","彌彎彖彗彛形彦彧彩彪彫彬彭彰影彷","役彼彿往征待徇徊律後徐徑徒得徘徙","從徠御徨復循微徵德徹徽心必忌忍忖","志忘忙忠快念忽忿怏怒怖怜思怠怡急","性怨怪怯恁恂恃恍恐恒恕恙恝恢恣恤","恥恨恩恪恬恭息恰悅悉悌悍悔悖悚悛","悟悠患悤悧悰悲悳悴悸悼悽情惇惑惚","惜惟惠惡惰想惶惹惺惻愁愆愈愉愍愎","意愕愚愛感愧愰愴愷愼愾愿慂慄慇慈","慊態慌慓慕慘慙慝慟慢慣慤慧慨慫慮","慰慶慷慽慾憁憂憊憎憐憑憔憘憙憚憤","憧憩憫憬憮憲憶憺憾懃懇懈應懊懋懦"]},{"type":"bitmap","file":"betterhud:text_font3_68.png","ascent":-8433685,"height":16,"chars":["懲懶懷懸懺懼懿戀戇戈戊戌戍戎成我","戒或戚戟戡截戮戰戱戴戾房所扁扈扉","手才打托扮扱扶批扼承技抄抉把抑抒","投抗折抛披抱抵抹押抽拂拇拈拉拌拍","拏拒拓拔拖拗拘拙拜括拭拮拯拱拳拷","拾拿持指按挑挫振挺挻挽挾捉捏捕捧","捨据捲捷捺捻捿掃授掉掌排掖掛掠採","探接控推掩措揀揄揆描提揖揚換握揭","揮援揶揷損搏搔搖搗搜搢搬搭携搾摘","摠摩摯摸摹撈撑撒撓撚撞撤撥撫播撮","撰撲撻擁擄擅擇擊操擎擒擔擘據擡擢","擥擦擧擬擲擴擺擾攀攄攘攝攣攪攫攬","支收攷攸改攻放政效敍敎敏救敖敗敞","敢散敦敬敭敲整敵敷數敾斂斃斅文斌","斐斑斗料斛斜斟斡斤斥斧斫斬斯新斷","方於施旁旅旋旌族旒旗无旣旦早旬旭"]},{"type":"bitmap","file":"betterhud:text_font3_69.png","ascent":-8433685,"height":16,"chars":["旱旴旺旻旼旽旿昆昇昉昊昏昐昑昔昕","昞星映春昧昨是昰昱昶昺晁時晃晄晉","晋晏晙晛晝晞晟晤晥晦晧晨晩晫普景","晳晴晷晸暄暇暈暉暎暐暑暗暘暝暠暢","暫暮暲暳暴暹暻暾曄曆曇曉曖曙曜曝","曦曳更曷書曹曺曼曾替最會有朋服朔","朕朗望朝朞朦朧木未末本札朮朱朴朶","机朽杆杉李杏材村杓杖杜杞束杭杯杰","東杳杵杷杻松板枇枉枋枏析枓枕林枚","果枝枯枰枳架枷枸枾柄柏某柑柒染柔","柚柝柩柬柯柰柱柴柵柶査柾栒栓栖栗","校栢株栯核根格栽桀桁桂桃案桎桑桓","桔桭桶桿梁梅梏梓梔梗條梟梡梢梧梨","梭梯械梱梳梵梶棄棅棉棋棍棒棕棗棘","棚棟棠棧棨森棲棹棺椀椅植椎椒椧椰","椽椿楊楓楔楕楗楙楚楞楠楡楢楣楨楫"]},{"type":"bitmap","file":"betterhud:text_font3_70.png","ascent":-8433685,"height":16,"chars":["業楮楯極楷楸楹榕榛榜榥榧榮榴榻槁","槃構槌槍槐槨槪槻槽槿樂樊樑樓樗標","樞樟模樣樵樸樹樺樽橄橈橋橒橓橘橙","機橡橫檀檄檉檍檎檗檜檢檣檳檻櫂櫃","櫓櫚櫛櫶櫻權欌欒欖欠次欣欲欺欽款","歆歇歌歎歐歟歡止正此步武歪歲歷歸","死歿殃殄殆殉殊殖殘殞殮殯殲段殷殺","殼殿毁毅毆每毒毓比毖毗毘毛毫毬氈","氏民氓氣水氷永氾汀汁求汎汐汗汚汝","汞江池汪汰汲汶決汽汾沁沂沃沅沆沇","沈沌沐沒沓沔沕沖沙沚沛沫沮河沸油","治沽沾沿況泂泄泉泊泌泓法泗泛泡波","泣泥注泫泮泯泰泳洋洌洑洗洙洛洞洧","洩洪洲洵洶洸洹活洽派流浙浚浜浣浦","浩浪浬浮浴海浸浹浿涅涇消涉涌涍涎","涑涕涯液涵淀淃淅淆淇淋淏淑淘淙淚"]},{"type":"bitmap","file":"betterhud:text_font3_71.png","ascent":-8433685,"height":16,"chars":["淞淡淨淪淫淮深淳淵混淸淹淺添渗渙","渚減渟渠渡渣渤渥渦渫渭港渲渴渶游","渺渼渽渾湃湄湊湍湖湘湛湜湞湟湧湫","湮湯湲湳湺源準溜溝溟溢溥溪溫溯溱","溶溺滂滄滅滉滋滌滎滑滓滔滯滴滸滾","滿漁漂漆漏漑演漕漠漢漣漫漬漱漲漸","漿潁潑潔潗潘潚潛潞潟潢潤潭潮潰潺","潼潽潾澁澄澈澍澎澐澔澗澣澤澧澮澯","澱澳澹澾激濁濂濃濊濕濚濟濠濡濤濩","濫濬濯濱濾瀁瀅瀆瀉瀋瀏瀑瀕瀘瀚瀛","瀜瀝瀞瀟瀣瀧瀨瀯瀷瀾灌灐灑灘灝灣","火灰灸灼災炅炊炎炒炘炙炚炡炫炬炭","炯炳炷炸点烈烋烏烘烙烝烟烹烽焄焉","焌焙焚焞無焦然煇煉煊煌煎煐煖煙煜","煞煤煥照煩煬煮煽熄熉熊熏熒熔熙熟","熢熬熱熹熺熾燁燃燈燉燎燐燒燔燕營"]},{"type":"bitmap","file":"betterhud:text_font3_72.png","ascent":-8433685,"height":16,"chars":["燥燦燧燭燮燻燼燾燿爀爆爐爪爬爭爰","爲父爺爻爽爾牀牆片版牌牒牘牙牛牝","牟牡牢牧物牲特牽犀犁犢犧犬犯狀狂","狄狎狐狗狙狡狩狸狹狼狽猊猖猛猜猝","猥猩猪猫猶猷猾猿獄獅獐獒獗獨獪獰","獲獵獸獺獻玄玆率玉王玎玖玗玘玟玧","玩玭玲玳玹珀珉珊珌珍珏珖珙珝珞珠","珣珤珥珩珪班珷珹珽現琁球琅理琇琉","琓琛琠琡琢琥琦琨琪琫琬琮琯琰琳琴","琵琶琸琺琿瑀瑃瑄瑋瑕瑗瑚瑛瑜瑞瑟","瑠瑢瑤瑥瑨瑩瑪瑯瑾璂璃璇璉璋璘璜","璞璟璡璣璥璧璨璪環璲璵璹璽璿瓆瓊","瓏瓔瓘瓚瓜瓠瓢瓣瓦瓮瓷甁甄甑甕甘","甚甛生産甥甦甫町畇界畏畑畓留畛畜","畝畢略畦番畯異畵當畸畺畿疇疊疋疎","疏疑疝疥疫疱疲疳疵疸疹疼疽疾痂病"]},{"type":"bitmap","file":"betterhud:text_font3_73.png","ascent":-8433685,"height":16,"chars":["症痍痒痔痕痘痙痛痢痰痲痴痺痼瘀瘍","瘙瘟瘠瘡瘢瘤瘦瘻療癌癎癒癖癡癤癩","癬癰癲癸登發百的皆皇皎皐皓皮皺皿","盂盃盆盈益盒盖盛盜盞盟盡監盤盧盲","直相盾省眄眈看眠眩眷眸眺眼着睍睛","睡督睦睫睹睾睿瞋瞑瞞瞥瞬瞭瞰瞳瞻","瞼瞿矗矛矜矢矣矩短矮矯石砂砒砥砦","砧砬砲破硅硏硝硫硬硯硼碁碇碌碍碎","碑碗碣碧碩確碻碼磁磅磊磋磎磐磨磬","磯磵磻礁礎礖礪礫礬示社祀祁祇祈祉","祐祖祗祚祛祜祝神祠祥票祭祺祿禁禍","禎福禑禦禧禪禮禱禳禹禽禾禿秀私秉","秊秋科秒秕秘租秤秦秧秩移稀稅稈程","稍稔稗稙稚稜稟稠種稱稶稷稻稼稽稿","穀穆穉積穎穗穡穢穩穫穰穴究穹空穽","穿突窄窈窒窓窕窘窟窩窪窮窯窺竄竅"]},{"type":"bitmap","file":"betterhud:text_font3_74.png","ascent":-8433685,"height":16,"chars":["竇竊立竗站竝竟章竣童竪竭端競竹竺","竿笏笑笙笛笞笠符第笭笹筆等筋筌筍","筏筐筑筒答策筠筬筮筵筽箇箋箏箔箕","算箚箝管箭箱箴箸節篁範篆篇築篒篠","篤篩簇簒簞簡簧簪簫簽簾簿籃籌籍籤","籬米粃粉粒粕粗粘粟粥粧粮粱粲粳粹","精糊糖糞糟糠糧系糾紀紂約紅紆紇紈","紊紋納紐純紗紘紙級紛素紡索紫紮累","紳紵紺終絃組絅絆結絞絡絢給絨絪絮","統絲絳絶絿綎綏經綜綠綢綬維綱網綴","綵綸綺綻綽綾綿緇緊緋緖緘線緝緞締","緡緣編緩緬緯練緻縉縊縕縛縝縞縟縡","縣縫縮縯縱縷總績繁繃繆繇繒織繕繞","繡繩繪繫繭繰繹繼纂續纏纓纖纘纛纜","缶缸缺罌罐罔罕罪罫置署罵罷罹羅羈","羊羌美羔羚羞群羨義羲羸羹翁翅翊翌"]},{"type":"bitmap","file":"betterhud:text_font3_75.png","ascent":-8433685,"height":16,"chars":["翎翔翕翟翠翡翩翫翰翹翼耀老考者耆","耉而耐耕耗耭耳耶耽耿聆聊聖聘聚聯","聰聲聳職聽聾聿肄肅肆肇肌肖肛肝股","肢肥肩肪肯肱育肴肺背胎胚胛胞胡胤","胥胱胸能脂脅脆脇脈脊脘脚脛脣脩脫","脯脹脾腋腐腑腔腕腥腦腫腰腱腸腹腺","腿膀膈膊膏膚膜膝膠膣膨膳膵膺膽膾","膿臀臂臆臍臘臟臥臧臨臭至致臺臻臾","與興舊舌舍舒舛舜舞舟舡航舫般舵舶","舷船艀艅艇艙艤艦艮良艱色艶艸艾芋","芍芎芒芙芚芝芟芥芦芩芬芭芮芯花芳","芷芸芹芼芽芿苑苒苔苕苗苛苞苟苡若","苦苧英苽苾茁茂范茄茅茉茗茨茫茯茱","茴茵茶茸茹荀荇草荊荏荑荒荳荷荻莉","莊莎莖莘莞莢莩莪莫莽菁菅菉菊菌菓","菖菜菩菫華菰菱菲菴菹菽萃萄萊萌萍"]},{"type":"bitmap","file":"betterhud:text_font3_76.png","ascent":-8433685,"height":16,"chars":["萎萩萬萱萸落葉著葡董葦葫葬葯葵葺","蒐蒔蒙蒜蒡蒲蒸蒻蒼蒿蓀蓂蓄蓆蓉蓋","蓍蓑蓚蓬蓮蓼蔑蔓蔔蔗蔘蔚蔞蔡蔣蔥","蔬蔭蔯蔽蔿蕁蕃蕉蕎蕓蕙蕣蕨蕩蕪蕭","薄薇薏薑薔薛薦薨薩薪薯薰薺藁藉藍","藎藏藕藜藤藥藩藪藷藺藻藿蘂蘆蘇蘊","蘖蘗蘚蘭蘿虎虐虔處虛虜虞號虧虹蚊","蚌蚣蚤蚩蛇蛋蛔蛙蛛蛟蛤蛭蛾蜀蜂蜃","蜈蜘蜚蜜蝎蝕蝗蝟蝦蝨蝴蝶蝸螂融螟","螢螳螺蟄蟠蟬蟯蟲蟹蟻蟾蠅蠟蠢蠣蠱","蠶蠻血衆行衍衒術街衙衛衝衡衢衣表","衫衰衲衷衾衿袁袂袈袋袍袒袖袗袞被","袴裁裂裏裔裕裙補裝裟裡裨裳裴裵裸","製複褐褒褓褘褙褥褪褶褸褻襁襄襟襤","襪襲西要覃覆覇見規覓視覡覩親覲覺","覽觀解觴觸言訂訃計訊訌討訖託記訛"]},{"type":"bitmap","file":"betterhud:text_font3_77.png","ascent":-8433685,"height":16,"chars":["訝訟訣訥訪設許訴診註詐詔評詛詞詠","詢詣試詩詭詮詰話該詳詵詹誅誇誌認","誓誕誘語誠誡誣誤誥誦誨說誰課誹誼","調諂諄談請諍諏諒論諛諜諡諦諧諪諫","諭諮諱諶諷諸諺諾謀謁謂謄謎謐謔謖","謗謙謚講謝謠謨謫謬謳謹譁證譎譏識","譚譜警譬譯議譴護譽讀變讐讒讓讖讚","谷谿豁豆豈豊豌豕豚象豪豫豹豺貊貌","財貢貧貨販貪貫責貯貰貳貴貶買貸費","貼貽賁賂賃賄資賈賊賑賓賚賜賞賠賢","賣賤賦質賭賴賻購賽贄贅贇贈贊贍贓","贖赤赦赫走赳赴起超越趙趣趨足趺趾","跆跋跌跏跛距跡跣跨路跳踊踏踞踪踰","踵蹂蹄蹇蹈蹉蹊蹙蹟蹠蹴蹶躁躇躊躍","躪身躬軀車軋軌軍軒軟軫軸軾較輅載","輒輔輕輛輜輝輞輟輦輧輩輪輯輳輸輹"]},{"type":"bitmap","file":"betterhud:text_font3_78.png","ascent":-8433685,"height":16,"chars":["輻輾輿轄轅轉轍轎轝轟轢辛辜辣辦辨","辭辯辰辱農迂迅迎近返迦迪迫迭述迲","迷迹追退送适逃逅逆逈逋逍透逐逑途","逕逗這通逝逞速造逡逢連逮週進逵逸","逼逾遁遂遇遊運遍過遐遑道達違遙遜","遝遞遠遡遣適遭遮遯遲遵遷選遺遼遽","避邀邁邂邃還邇邈邊邏邑邕邙邢那邨","邪邯邰邱邵邸郁郊郞郡部郭郵都鄂鄒","鄕鄙鄧鄭鄲酉酊酋酌配酎酒酢酪酬酵","酷酸醇醉醋醍醒醜醫醬醮醯醱醴醵釀","采釋里重野量釐金釘釜針釣釪釵鈍鈐","鈑鈒鈗鈴鈺鈿鉀鉅鉉鉗鉛鉞鉢鉤鉥鉦","銀銃銑銓銖銜銳銶銷銹鋌鋏鋒鋤鋪鋸","鋼錄錐錘錚錞錟錠錡錢錤錦錨錫錮錯","鍈鍊鍋鍍鍔鍛鍮鍵鍼鍾鎌鎔鎖鎚鎣鎧","鎬鎭鎰鏃鏑鏞鏡鏤鏶鐄鐘鐥鐫鐵鐸鑄"]},{"type":"bitmap","file":"betterhud:text_font3_79.png","ascent":-8433685,"height":16,"chars":["鑑鑒鑛鑽鑿長閏閑閘閤閨闔阜阡阪阮","防阻阿陀陂附陋陌降限陛陜陝陞陟院","陣除陪陰陳陵陶陸陽隅隆隊隋隍階隔","隕隘隙際障隣隧隨險隱隷隻雀雁雄雅","集雇雉雋雌雍雎雕雖雙雛雜離難雨雩","雪雯雰雲零雷雹電需霆震霑霓霖霙霜","霞霧霰露霹霽靂靄靈靑靖靜非靡面革","靭靴靷靺鞋鞍鞏鞠鞨鞫鞭韆韋韓韜音","韶韻響頀頁頂頃項順須頊頌預頑頒頓","頗領頭頰頸頹頻顆題額顎願顚類顥顧","顫顯風颯颱飄飇飛飜食飡飢飭飮飯飴","飼飽飾餃養餌餐餓餘餞餠館饅饉饋饌","饍饑饒饔饗首香馝馥馨馬馭馮馱馳駁","駐駑駒駕駙駝駟駭駿騁騎騏騙騫騰騶","騷驀驃驅驍驕驗驚驛驟驢驥驩驪骨骸","髓體高髥髮鬚鬧鬱鬼魁魂魃魄魅魏魔"]},{"type":"bitmap","file":"betterhud:text_font3_80.png","ascent":-8433685,"height":16,"chars":["魚魯鮎鮑鮟鮫鮮鯉鯖鯤鯨鰍鰐鰒鰕鰥","鰲鰻鱇鱉鱗鳥鳧鳩鳳鳴鳶鴉鴛鴦鴨鴻","鵑鵠鵡鵬鵲鶩鶯鶴鷄鷗鷲鷸鷹鷺鸚鸞","鹹鹽鹿麒麓麗麝麟麥麴麵麻麾黃黍黎","黑黔默黛黜點黨黴鼇鼈鼎鼓鼠鼻齊齋","齎齒齟齡齧齪齬齷龍龐龕龜과곽곾곿","관괁괂괃괄괅괆괇괈괉괊괋괌괍괎괏","괐광괒괓괔괕괖괗궜궸까깍깎깏깐깑","깒깓깔깕깖깗깘깙깚깛깜깝깞깟깠깡","깢깣깤깥깦깧깫깴깼꺄꺅꺆꺇꺈꺉꺊","꺋꺌꺍꺎꺏꺐꺑꺒꺓꺔꺕꺖꺗꺘꺙꺚","꺛꺜꺝꺞꺟꺣꺬꺴껐껛껤껬꼈꼓꼜꼤","꽈꽉꽊꽋꽌꽍꽎꽏꽐꽑꽒꽓꽔꽕꽖꽗","꽘꽙꽚꽛꽜꽝꽞꽟꽠꽡꽢꽣꿨뀄뀠낐","나낙낚낛난낝낞낟날낡낢낣낤낥낦낧","남납낪낫났낭낮낯낰낱낲낳낷냀냈냐"]},{"type":"bitmap","file":"betterhud:text_font3_81.png","ascent":-8433685,"height":16,"chars":["냑냒냓냔냕냖냗냘냙냚냛냜냝냞냟냠","냡냢냣냤냥냦냧냨냩냪냫냯냸넀넜넧","넰넸녔녟녨녰놔놕놖놗놘놙놚놛놜놝","놞놟놠놡놢놣놤놥놦놧놨놩놪놫놬놭","놮놯눴뉐뉬닜다닥닦닧단닩닪닫달닭","닮닯닰닱닲닳담답닶닷닸당닺닻닼닽","닾닿댃댌댔댜댝댞댟댠댡댢댣댤댥댦","댧댨댩댪댫댬댭댮댯댰댱댲댳댴댵댶","댷댻덄덌덨덳덼뎄뎠뎫뎴뎼돠돡돢돣","돤돥돦돧돨돩돪돫돬돭돮돯돰돱돲돳","돴돵돶돷돸돹돺돻뒀뒜뒸딨따딱딲딳","딴딵딶딷딸딹딺딻딼딽딾딿땀땁땂땃","땄땅땆땇땈땉땊땋땏땘땠땨땩땪땫땬","땭땮땯땰땱땲땳땴땵땶땷땸땹땺땻땼","땽땾땿떀떁떂떃떇떐떘떴떿뗈뗐뗬뗷","똀똈똬똭똮똯똰똱똲똳똴똵똶똷똸똹"]},{"type":"bitmap","file":"betterhud:text_font3_82.png","ascent":-8433685,"height":16,"chars":["똺똻똼똽똾똿뙀뙁뙂뙃뙄뙅뙆뙇뛌뛨","뜄띴롸롹롺롻롼롽롾롿뢀뢁뢂뢃뢄뢅","뢆뢇뢈뢉뢊뢋뢌뢍뢎뢏뢐뢑뢒뢓뤘뤴","마막맊맋만맍많맏말맑맒맓맔맕맖맗","맘맙맚맛맜망맞맟맠맡맢맣맧맰맸먀","먁먂먃먄먅먆먇먈먉먊먋먌먍먎먏먐","먑먒먓먔먕먖먗먘먙먚먛먟먨먰멌멗","멠멨몄몏몘몠뫄뫅뫆뫇뫈뫉뫊뫋뫌뫍","뫎뫏뫐뫑뫒뫓뫔뫕뫖뫗뫘뫙뫚뫛뫜뫝","뫞뫟뭤뮀뮜밌바박밖밗반밙밚받발밝","밞밟밠밡밢밣밤밥밦밧밨방밪밫밬밭","밮밯밳밼뱄뱌뱍뱎뱏뱐뱑뱒뱓뱔뱕뱖","뱗뱘뱙뱚뱛뱜뱝뱞뱟뱠뱡뱢뱣뱤뱥뱦","뱧뱫뱴뱼벘벣벬벴볐볛볤볬봐봑봒봓","봔봕봖봗봘봙봚봛봜봝봞봟봠봡봢봣","봤봥봦봧봨봩봪봫붰뷌뷨빘빼빽빾뺀"]},{"type":"bitmap","file":"betterhud:text_font3_83.png","ascent":-8433685,"height":16,"chars":["뺁뺂뺃뺄뺅뺆뺇뺉뺊뺋뺌뺍뺎뺏뺑뺒","뺓뺔뺕뺖뺗뺴뺵뺶뺸뺹뺺뺻뺼뺽뺾뺿","뻁뻂뻃뻄뻅뻆뻇뻉뻊뻋뻌뻍뻎뻏뻓뻕","뻖뻜뻞뻟뻢뻫뻬뻭뻮뻰뻱뻲뻳뻴뻵뻶","뻷뻹뻺뻻뻼뻽뻾뻿뼁뼂뼃뼄뼅뼆뼇뼋","뼍뼎뼔뼖뼗뼚뼣뼤뼥뼦뼨뼩뼪뼫뼬뼭","뼮뼯뼱뼲뼳뼴뼵뼶뼷뼹뼺뼻뼼뼽뼾뼿","뽜뽝뽞뽟뽠뽡뽢뽣뽤뽥뽦뽧뽨뽩뽪뽫","뽬뽭뽮뽯뽰뽱뽲뽳뽴뽵뽶뽷뿼쀘쀴삓","삕삖삜삞삟삢삫사삭삮삯산삱삲삳살","삵삶삷삸삹삺삻삼삽삾삿샀상샂샃샄","샅샆샇샋샔샜샤샥샦샧샨샩샪샫샬샭","샮샯샰샱샲샳샴샵샶샷샸샹샺샻샼샽","샾샿섃섌섔섰섻셄셌셨셳셼솄솨솩솪","솫솬솭솮솯솰솱솲솳솴솵솶솷솸솹솺","솻솼솽솾솿쇀쇁쇂쇃쉈쉤슀싰싹싺싻"]},{"type":"bitmap","file":"betterhud:text_font3_84.png","ascent":-8433685,"height":16,"chars":["싼싽싾싿쌀쌁쌂쌃쌄쌅쌆쌇쌈쌉쌊쌋","쌌쌍쌎쌏쌐쌑쌒쌓쌔쌗쌠쌨쌱쌲쌳쌴","쌵쌶쌷쌸쌹쌺쌻쌼쌽쌾쌿썀썁썂썃썄","썅썆썇썈썉썊썋썌썏썘썠썼쎄쎇쎐쎘","쎴쎼쎿쏈쏐쏴쏵쏶쏷쏸쏹쏺쏻쏼쏽쏾","쏿쐀쐁쐂쐃쐄쐅쐆쐇쐈쐉쐊쐋쐌쐍쐎","쐏쒔쒰쓌씼아야와왁왂왃완왅왆왇왈","왉왊왋왌왍왎왏왐왑왒왓왔왕왖왗왘","왙왚왛웠웼자쟈좌좍좎좏좐좑좒좓좔","좕좖좗좘좙좚좛좜좝좞좟좠좡좢좣좤","좥좦좧줬쥈쥤짝짞짟짠짡짢짣짤짥짦","짧짨짩짪짫짬짭짮짯짰짱짲짳짴짵짶","짷째짻쨄쨌쨕쨖쨗쨘쨙쨚쨛쨜쨝쨞쨟","쨠쨡쨢쨣쨤쨥쨦쨧쨨쨩쨪쨫쨬쨭쨮쨯","쨰쨳쨼쩄쩠쩨쩫쩴쩼쪘쪠쪣쪬쪴쫘쫙","쫚쫛쫜쫝쫞쫟쫠쫡쫢쫣쫤쫥쫦쫧쫨쫩"]},{"type":"bitmap","file":"betterhud:text_font3_85.png","ascent":-8433685,"height":16,"chars":["쫪쫫쫬쫭쫮쫯쫰쫱쫲쫳쭸쮔쮰찠차착","찪찫찬찭찮찯찰찱찲찳찴찵찶찷참찹","찺찻찼창찾찿챀챁챂챃챇챐챘챠챡챢","챣챤챥챦챧챨챩챪챫챬챭챮챯챰챱챲","챳챴챵챶챷챸챹챺챻챿첈첐첬첷쳀쳈","쳤쳯쳸촀촤촥촦촧촨촩촪촫촬촭촮촯","촰촱촲촳촴촵촶촷촸촹촺촻촼촽촾촿","췄췠췼칬카캬콰콱콲콳콴콵콶콷콸콹","콺콻콼콽콾콿쾀쾁쾂쾃쾄쾅쾆쾇쾈쾉","쾊쾋퀐퀬타탁탂탃탄탅탆탇탈탉탊탋","탌탍탎탏탐탑탒탓탔탕탖탗탘탙탚탛","탟탨탰탸탹탺탻탼탽탾탿턀턁턂턃턄","턅턆턇턈턉턊턋턌턍턎턏턐턑턒턓턗","턠턨텄텏텘텠텼톇톐톘톼톽톾톿퇀퇁","퇂퇃퇄퇅퇆퇇퇈퇉퇊퇋퇌퇍퇎퇏퇐퇑","퇒퇓퇔퇕퇖퇗퉜퉸튔팄팍팎팏판팑팒"]},{"type":"bitmap","file":"betterhud:text_font3_86.png","ascent":-8433685,"height":16,"chars":["팓팔팕팖팗팘팙팚팛팜팝팞팟팠팡팢","팣팤팥팦팧패팫팴팼퍅퍆퍇퍈퍉퍊퍋","퍌퍍퍎퍏퍐퍑퍒퍓퍔퍕퍖퍗퍘퍙퍚퍛","퍜퍝퍞퍟퍠퍣퍬퍴펐페펛펤펬폈폐폓","폜폤퐈퐉퐊퐋퐌퐍퐎퐏퐐퐑퐒퐓퐔퐕","퐖퐗퐘퐙퐚퐛퐜퐝퐞퐟퐠퐡퐢퐣풨퓄","퓠핐하학핚핛한핝핞핟할핡핢핣핤핥","핦핧함합핪핫핬항핮핯핰핱핲핳핷햀","했햐햑햒햓햔햕햖햗햘햙햚햛햜햝햞","햟햠햡햢햣햤향햦햧햨햩햪햫햯햸헀","헜헧헰헸혔혟혨혰화확홖홗환홙홚홛","활홝홞홟홠홡홢홣홤홥홦홧홨황홪홫","홬홭홮홯훴휐휬힜豈更車賈滑龜龜契","金奈懶癩羅蘿螺裸樂洛烙珞落酪駱亂","卵欄爛蘭鸞嵐濫藍襤拉臘蠟廊朗浪狼","郎來冷勞擄櫓爐盧老蘆虜路露魯鷺碌"]},{"type":"bitmap","file":"betterhud:text_font3_87.png","ascent":-8433685,"height":16,"chars":["祿綠菉錄鹿論壟弄籠聾牢磊賂雷壘屢","樓淚漏累縷陋肋凜凌稜綾菱讀拏樂諾","丹寧怒率異北磻便復不泌數索參塞省","葉說殺辰沈拾若掠略亮兩凉梁糧良諒","量勵女廬旅濾礪驪麗黎曆歷轢年憐戀","撚漣煉璉秊練聯輦蓮連鍊劣咽烈裂說","廉念捻殮簾獵令寧嶺怜玲瑩羚聆鈴零","靈領例禮醴隸惡僚寮尿料樂燎療蓼遼","龍暈阮劉杻柳流溜琉硫紐類六戮陸倫","崙淪輪律慄栗率隆利吏履李梨泥理痢","罹裏裡里離匿溺吝燐璘藺隣鱗麟林淋","臨立笠粒狀炙識什茶度拓糖宅洞暴輻"]},{"type":"bitmap","file":"betterhud:text_font3_88.png","ascent":-8433685,"height":16,"chars":["行降見廓ＭＷｗ"]},{"type":"bitmap","file":"betterhud:text_font3_89.png","ascent":-8433685,"height":16,"chars":["Ææœ‰℡ⅷ━┭┮┯┰┱┲┳┵┶","┷┸┹┺┻┽┾┿╀╁╂╃╄╅╆╇","╈╉╊╋▤▦▧▨▩ずぜびぴふぶぷ","へべぺれエオザズゼゾヂヅテデナブ","プヘベペユルヰㅄㅥㅦㅨㅩㅪㅫㅯㅰ","ㅳㅴㅵㅶㅷㅼㅾㆃㆋ㈜㉿㎂㎑㎒㎓㎔","㎫㎬㎯㎶㏂㏘卷咬喀彙故暖曠津畔疆","盼籠耘聃葛蓴藝輓顔駱騈鵝빠빡빢빣","빤빥빦빧빨빩빪빫빬빭빮빯빰빱빲빳","빴빵빶빷빸빹빺빻빿뺈뺐뺘뺙뺚뺛뺜","뺝뺞뺟뺠뺡뺢뺣뺤뺥뺦뺧뺨뺩뺪뺫뺬","뺭뺮뺯뺰뺱뺲뺳뺷뻀뻈뻤뻯뻸뼀뼜뼧"]},{"type":"bitmap","file":"betterhud:text_font3_90.png","ascent":-8433685,"height":16,"chars":["뼰뼸삤싸쌰짜쨔파퍄陵Ｘ"]}]}